3734263156,do not get angry or frustrated or desperate or enraged or depressed or any such thing you are all e
6848821366,sickening i hurt for florida later for the what if s and i know how they feel no you don t i can t imagin
1023857198,this rainfall is a savage y fall when am in d club n when am home its hot like hell without no light angry
5416836663,angry guy screws his gf in very rude manner portsmouth
6565732527,silence is better when you re angry and frustrated reacting to it will fuel the pain
1798325469,it s your smile which makes me cool and calm when i am sad or angry smile cool calm sad angry edits by birdies yo
5815908805,disappointed w ur new hair policies if ppl cant understand the above below the chin they have issues
3128176157,mt drama school audition tip see angry while you can it is a masterclass in monologue delivery from young actor
6017542325,go and see this angry by philip ridley absolutely brilliant unconventional unexpected and raw
4815279174,wanna come a blog from me q a photos live tweeting getting angry with philip ridley
7077155260,i m gonna have to bang some cunt out tonight if he doesn t fuck off tired from work angry we will see
6122779839,we need to start getting angry at the diet industry for the bait and switch just because you lose weight on a diet
5845368493,angry guy screws his gf in very rude manner
2013723118,billions of purple blistering balderdash angry
5501521551,small successes the unholy horror weird creepy concept art cone pt design space shooter cowboy angry https https
5185236848,angry people make the most mistakes d rmm fb
4359738460,to be angry is the world with publisher turns author has steadily declined over in an automated home and a japanese story tweet is
5053039386,to be angry is to let others mistakes punish yourself to forgive others is to be good to yourself master chengy
1258802516,billions of odd toed prize zapotecs angry
1562062045,yes it is soooo bloody ridiculous i am so angry at the nra and their attitude to the nd amendment
4084718288,new embroidery design angry predator machine embroidery design blue head animal nature wild angry hunting
8890345878,22 i just have to say that you either ban a country or not the so called clean compet
2387194141,upcoming angry by philip ridley is though
1525612957,thousands of infernal blistering slubberdergullions angry
6148789952,energysa jobs maybe your priority but if you continue to
1038718234,thanks for making every day a living hell with your internet new router you gave us is crap and overall conne
1243628284,wanna come a blog from me q a photos live tweeting getting angry with philip ridley
3044810984,i need to get a dexa scan done for my son his coach is refusing to allow him back to training unles
1385112278,4 fucking deputies cowering outside while children were killed do your job while another department had to go i
2280985173,angry people make the most mistakes d rmm fb
6017634127,so proud of completely phenomenal performance an in awe of your power also blew
1765092462,go and see this angry by philip ridley absolutely brilliant unconventional unexpected and raw
6844956895,angry people make the most mistakes d rmm fb
2416448262,they freaking better be charged they should sit in jail for a very long time if not for the rest of their
5406586400,i can t believe it pls let me know your opinions cos i m just not seeing another side to this everything april
8436551809,boycott nra new ripe apples we don t want em green angry maga make apples green again
2426039415,do not get angry or frustrated or desperate or enraged or depressed or any such thing you a
4446005310,angry people make the most mistakes d rmm fb
6020415509,so my landlord decided to cancel the internet service here without telling me so i got home today and met wi
7452896838,the dance video that haunts my dreams india is confused angry wtf more cheese than a bollywood d movie
3204294074,be angry about why assault weapons ban was allowed to expire why no ban bump stocks or high capacity magazines which are f
5864557552,angry people make the most mistakes d rmm fb
3184243920,when you can t find a working hi liter angry hi liter epic fail
5802996898,the faces of four guys having an epic time angry confused scared and constipated
4770032965,feeling a rant coming on unusual for me but i am feeling angry some people have pets they miss treat get run ov
5663669513,for no reason the irresolute person gets sad and angry and easily looks after his own satisfaction barnabite fo
5212804697,what does the bible mean when it says be angry sin not here s a short podcast to help understand it
1773852311,transferred 100 of my data into a new phone they replaced 6weeks ago charged 125 the new phone was defectiv
4417947527,the sound engineering is awful the singing is barely audible over the ridiculous thumping bass angry
4053662265,words from tongue can prove the personality and character of a person some words can console others and some can
7683304454,for the 2nd month running you have missed but collected all neighbours glass recycling does someone ne
3438918954,looking at this time line its hard to say the issue is gun control the bso fbi law enforcement dropped the ball
7727887824,the dance video that haunts my dreams india is confused angry wtf more cheese than a bollywood d movie
4668592305,when one reservations rep says something isn t possible that i ve done before and costs me money angry delta airlines
6202922684,synonyms of angry irritated resentful mad furious upset annoyed cross learn english ap rendering l s teach
4137001783,the press does make me angry saying kept his illness secret a secret from who medical history is
3296487921,parents can be such fuckers i didn t mind me getting it tough but realising my long lost junior siblings had and a
8758687736,last night was a movie but it felt like a dream to only wake up to see this shit was reality feeling emotional angry sad upset
8858485266,no greater heartbreak than an early start 4 hours drive finally allowed to stop for a and it s clo
2945290639,synonyms of angry irritated resentful mad furious upset annoyed cross learn english ap rendering l s
5631818560,thursday a time when this world needs love peace and harmony and do something about guns in the hands of the angry
3287408477,check angry birds maker craters on bad guidance losing half its market value via
4732529597,not getting enough sleep and being hungry are the two main reasons for being angry
5123398158,drama school audition tip see angry while you can it is a masterclass in monologue delivery from young a
8385944948,we don t want this and we certainly cannot afford for you to sue the nhs when you don t get your way angry
7055589419,angry birds maker craters on bad guidance losing half its market value technology security news
1278667667,marco rubio was repeatedly humiliated at cnn s gun control town hall the florida senator was confronted by
8283240441,my child won t talk to me here s what you can do to change it all behavior angry kids sad coping
2524162199,when we are happy we listen with our hearts when we are hurt and angry we listen with our ears d ridgley
3065129312,i just want to get paid for the work i ve done is that asking too much fuck no first world problems working stiff pissed angry
2889248563,miss u my frend angry kha gayb ho itne dino se
4034516430,here i am struggling to speak french its not among these angry yohhh i need motivation to learn chinese
5590421601,angry with your cablet v provider for expensive bundles phone cable internet and bad customer service get
3165189980,burdett did you figure out why they are so angry crossroads
8404741486,thousands of profiteering dunder headed ostrogoths angry
8845217730,g m f 63 hello lovelies listen there s a lot going on in the world that needs your attention things that should make you angry
5406652720,angry birds maker craters on bad guidance losing half its market value angry birds r ovi o tc
6183897738,ummmm where are you angry
8398006859,thousands of profiteering certified pirates angry
2396328334,tw sexual assault what i m angry about today sexual abuse and violence against queer men is real and that is
6547441151,out of the frame love hate desire as msg ian 1 s pub ia rtg kindle ibook s kobo nd
4000056004,us politician margo davidson reflects on her visit to turkish refugees in greece
3640700975,kommandant hate is strength one of my top 10 favorite songs hate war metal ko m mandant
3940018847,97 nope you re just one more low iq anti white racist that begs like a dog t
5073501254,ridiculously sick tattoo love tattoo life dont chase people chase dreams thc 2 0 love hate
1567018434,hate crime team secure 3 charges today for hate crime incidents welldone team
5898567304,pt 3 of 3 i fucking hate spiders disgusted the nightmares the thoughts creepy arach no phobia im gonna die
3727443659,pt 2 of 3 i fucking hate spiders peter parker disgusting disturbed nightmares nightcrawlers leg get freaks
4413200516,cologne possibly the worst club and racist club i ve ever come across rejected me and my friend for no re
7784563969,well truly i feel i don t care you have other arteria motive s behind this hate how abou
4792390460,just heard the weather tonight rain and snow but yeah it s ok to have people sleep in that
8159806599,what up tattoo love tattoo life dont chase people chase dreams thc 2 0 love hate
8798430986,daymare tattoo love tattoo life dont chase people chase dreams thc 2 0 love hate
6615834202,shhh that s commonsense the left hate that afraid of truth
4588765131,state hate bill making it legal to ban gays lesbians from adopting passes in georgia lgb t hate
4001555824,the assassin s illusion an essay about pulse nightclub tragedy lgb t q violence hate acceptance love recovery
3655697991,just when i start to love that i hate you i start to hate that i love you
2033850379,have i ever stressed how much i hate atlanta and the atlanta traffic
8612105700,creates hate crooked news network yes they love the ratings they get with mass shootings the blame game
2137174105,state hate bill making it legal to ban gays lesbians from adopting passes in georgia lgb t hate
1639393129,work it out new single off the project going places check it out full video link in comments princess tiana o
3811983265,it s either you hate me or your love me hate love either miami florida
5880520168,begone thot why satan kicked me out satan t hot begone blocked exposed fake fake news facts
3962144000,tolerance judgmental hypocrisy patience hate stigmas tops shame on you shame not one of us is the rule agains
2396887292,i don t have time to hate anybody no for real i really don t i m too busy being being happy finding
1018539504,state hate bill making it legal to ban gays lesbians from adopting passes in georgia lgb t hate
8637316458,do u hate your stretch marks check out this diy it ll help mommy moms follow baby
8004224564,the assassin s illusion an essay about pulse nightclub tragedy lgb t q violence hate acceptance love recovery
5178058635,entire body is drenched in the blood of tens of thousands at the hands of the hate group
6986345529,stand up in the cold drawing de sen ho expression express o art arte anger hate fury
7587906586,out of the frame love hate desire as msg ian 1 s pub ia rtg kindle ibook s kobo nd htt
2337500210,our crises ridden planet if you re not scared you probably aren t listening
5631607208,brain health major brain circuits deep wiring for addiction fear hate labels blindness inverse focus can be put to better use
4122918924,l o v e h a t e are both 4 letters long but they weigh differently to the heart hate is heavy on the heart lo
7903328315,sick of this cold weather give me some sun summer needs to hurry weather annoyed cold weather hate
2558582746,the state of illinois is one giant scam i can t renew my liscense because i m not 21 so i have to have it expire
6819939369,congratulations because of you the nra just gained 3 new menbers from my household when you say you
7416613968,your so called values are evil greed hate that is not our countries values you buchbof idiots in power by idiots
3289528067,this is what israel is teaching kids today jews jewish jude idf jerusalem from israel with love
8316566415,there are things in life that you love and hate at the same time love hate
8545952699,jeremy cherry says this isn t fair that a child would so hate god that she d become a tranny even turning
6714792480,mother of slain teacher confronts nra rep why are her son s unalienable rights less important
4691070848,in case u missed it the org giving a yug e thankyou openly promotes hate against trans kids openly lob b
7526786540,the assassin s illusion an essay about pulse nightclub tragedy lgb t q violence hate acceptance love recovery
1729924390,lemon the truth will set u free but it ll piss u off hate
2607344745,the big difference between the ads people love and ads people hate
2560591137,darkness cannot drive out darkness but light can do so hate cannot drive out hate but love can do so
2160567054,watch sharks players playfully dump all over the city of winnipeg hate
8223924757,news flash tv news god i hate those frickin zombies they keep eating all my friends and family tune in
2774496524,hate my story how do we forgive love hate forgiveness recovery mental health ok to say lgb t q karly leto mms
3911221481,you are not a best friend if you both don t hate each other when youmeet at the first time
1620073035,hate crime sgt today received refresher training on modern day slavery excellent session thanks well done to tra
7899888531,loads of snow due next week no i m so done with this cold winter winter stv weather snow cold hate
7115213658,self tape on the loo this is new it s ok i m waiting on a pregnancy test result actor manchester
5458660110,they miss the greatest commandment read the blog post at religion church love hate
5260791618,mal aka so ros hate traitor sho ing the market pos liberal loser anti fa sucks vote rid
7987627450,guidelines for countering online hate speech hater hate he jt mow ani ena wi ci dz ien nika rs two journalism media https
6576827734,the man is representing america people what the hell have you done trump hate idiot
1956411922,disgusting human being who has no relationship with the truth trump con man hate
2023540203,anyone else notice trump cpa c 2 0 1 8 using music to promote hate gun violence discrimination arming tea
8142283041,it appears logic and commonsense are relative to one s intelligence a difference of opinion is not hate
7962191957,fun fact feminism has never meant hating masculinity to me i m a gay male i love men i see power in both energ
1465078652,media circus is all cnn is the hate and divide they spew is really special
2918551244,wow the amount of hate coming from twitter advertising is simply incredible blocking all advertisement after
5097818158,anyone else notice trump cpa c 2 0 1 8 using music to promote hate gun violence discrimination arming tea
6630920590,msm you need to call out cpa c 2 0 1 8 for what it is a hate group hate speech
1350731720,people have way to much time on their hands how can find the time to hate the worlds would be such
3428083959,friday feeling friday motivation friday morning biggest lesson i ever learned is get rid of any hate that you have in your heart and soul
6282391272,the never trump never stop spewing their hate cpa c 2 0 1 8 the snake
7866672183,the never trump never stop spewing their hate cpa c 2 0 1 8 the snake
5580186095,cnn breeds hate with those rhat listen to their fake news biased against support nra
3021540350,anyone else notice trump cpa c 2 0 1 8 using music to promote hate gun violence discrimination arming tea
6228546343,friday feeling stay strong resist the hate vote the creeps out
8699313812,the assassin s illusion an essay about pulse nightclub tragedy lgb t q violence hate acceptance love recovery
7350617163,sora bhp ant shares some insight on receiving hate on twitter it s rare for me to get constantly good feed
7511020640,discusses hate speech freedom of expression it s about degree of civility respect debate you can
6631188586,us city faces lawsuit after banning pride march mississippi pride lgb t hate
2451170223,this is what hate looks like this is what the unregulated sale of guns lookslike this is what homegrown
4722119193,us city faces lawsuit after banning pride march mississippi pride lgb t hate
4505529395,if they follow their faith faithfully they have to be terrorist they are commanded to be terror
2938616446,why exam are in the marriage season its so loud outside hate marriage hate exam hate people
1285341227,someone go get back to his house he s been wandering hollywood blvd for a few days now worried
1767759742,jaycee thinks australians speak australian not english it s an accent not a language please
8851056396,again i wonder what would make bb s trainer scratch her again 2nd entry in a row
7960152945,it still says pending will i be in by 5 worried
1655668110,its a recurring theme of silly errors dropped balls and penalties under tim sheensalso as i have
2038864943,thanks for this it s really worried me i ve checked details and i believe this is one of your colleagu
4063048657,carnall where are you me and are so worried
3200753016,can someone please tell me if is alive worried
1719690584,my dog loves so much he actually ate it rip captain jack harkness worried and sad
2100251670,you responded quite a bit too late and i gave little baxter some of your chicken helper with tuna do
1636491600,why attendance so low worried tensed
3734777336,my app isn t working right all the history is gone and i can t see my receipts if i delete the app a
6904518551,just gave a 2 minute long speech for oratory club will i be accepted worried
2317338967,what is distracting you worried destiny goals motivation
6090923556,lord do you not care that my sister has left me by myself to do the serving the lord said to her martha
1948890650,are you always sceptical worried worries worry less worry free worrying w or rior worrier w or rior s worrywart
2851381833,are u ok worried
4323252427,she has been by my side all night she knows i am stressed and worried about my m tel
4756115478,worried about higher studies selection get expert advice and choose better study option with smart students f
6851230067,what for u is for u through christ jesus why are u worried
1230803291,today is the tomorrow we worried about yesterday
8382395150,sometimes i think about going out and getting a paying job to help me out while working towards my dream of getting
7898632252,performance iike these r not acceptable at all worried arsenal europa league ars ost
4999239358,did you get home ok worried
3037784881,tgif hello my dear friends i know you are worried about tomorrow
7057146749,i wish my lyft feedback could be anonymous my driver is asking a lot of odd personal questions and i m not sure h
1508523393,society where the garbage is more but the bins are empty people can make big houses but don t a small path to that
6944504108,any new on we re all worried india sherr et ski cross worried
8247539011,its time to start writing my book tomorrow i am doing this for myself and i need to prove i can anxiety book
8330423489,7 minute power failure today twice as long as the longest one before worried
4943885700,any new on we re all worried india sherr et ski cross worried
7361537369,any new on we re all worried india sherr et ski cross worried
6844515219,any new on we re all worried india sherr et ski cross worried
8365592187,my husband got off at 4pm it s now 6 30 he s still stuck in traffic because of the snow worried colorado weather
1131493857,troubled waters activities for angry worried kids activities you can do now
8504742486,my comment was a bit over the top just frustrated and worried for your generation thank y
2099129590,bavarian aire struggling mental weakness worried goodman
8774713974,now take a minute and realise we only have to play city on sunday oh feck worried we are club who g
8113459023,i know i am dahoud and sahin together in the middle a gravestone has more pace worried
6738773490,we should be more worried about the invasion from pakistan not the eu migration islam i fication
6848742939,sitting next to my boyfriend in the car but i feel so distant from him why is this so fucking difficult everyone
7346637280,i agree i got told by a burly builder type that i had more balls than any of his crew
2829900769,my much loved singapore rescue cat is clearing the garden of mice third time in a row look what the cat dragge
5436225771,apart from the cut on your head you look better than when i saw you earlier worried
2237110031,2468 what happened worried
6977469736,did i mention that iago informed me that othello is in an epilepsy that s crazy i wonder why and how my commander
4815963001,you subscribed for research work purposes right right worried
8132485994,twitter should i be freaked that the xbox switches on all by itself in the afternoons because i am this is the se
6306826189,prince s heirs worried estate s burning cash will leave them with nothing prince s heirs worried they ll ge
7642544180,then maybe you are worried about the public perception of the and other financial services providers so it has be
8945731568,i ve not seen it yet but suspect it focuses more on methods and hotspots than is safe is that your concer
2277407904,smells like it s going to rain worried
6298032193,it been days and no message from juliet worried
4773232850,angry and worried watching the women s gold
6829994113,i can see lump on my throat but too afraid to get it checked but dang it i have to do it so i can tell future scared worried
1436963116,wishing mt reaction to yelling at the refs to wake up was a gif scared confused worried pye ong chang 2 0 1 8
5360083349,dealing with a worried kid worry warriors help kids cope with anxiety
3997119222,haven t heard from motamoney i hope he didn t die in a marching band accident worried
5792629463,today is the tomorrow that you worried about yesterday
2556772506,let s not forget in the picture that he has 45 stitched on his cuff so he doesn t for
6484965301,right people like the one responsible for these tweets are known for backing imperialist
2929151385,while adapting to your new life feeling worried is normal for a parent however feeling anxious about a wide r
7584882105,activities for angry worried kids
7772861746,how have two guns been left unattended at by two separate unrelated people within 24 hours how can som
4882197908,and which a 2 0 fighter jets have been brought near by china or near to lac by china they possibly 1st and 1st t
7534856463,and bloody doing a health and safety inspection whilst we are awaiting food worried
4703390710,rec who is running british racing whilst you are both away worried
3702710350,hussain this is all going down a bedtime outfit direction worried
1113205265,have to hope those around him help him out yet again worried
4547733786,is it normal to wait 20 days for a simple cdn cash withdrawal and for your support team to not respo
3618516962,hope i m wrong but no carson as kelle roos and young lad warming up anyone know anything worried fingers crossed
4652700591,off to the doc cant seem to keep anything down worried
3020824500,fabio cannavaro not worried by evergrande form fredy guarin saves shenhua fabio can navar o worried
7356763768,if you have been worried or concerned about aspects of your life and considering contacting a counsellor i c
4995237652,i think i bought 2 seasons greetings im worried
3488423819,how will that work when there is no hrsb worried
4039144575,i m currently feeling worried
7938196166,typical jealous that john has not only been accepted by americans but is revered and act
8965730087,this beautiful dog actually looks worried please someone rescue him he looks like wein he mer mix
6392993082,it scares me that for my little old lady sarah gets harder to wake her up sometimes i kept shaking her so much bcu
3152934474,then maybe you are worried about the public perception of the and other financial services providers so it has be
4116454518,yourself be happy single ladies self date night buying roses is fun until a man comes along to enhance your life i
5102904567,the last 6 weeks have been some of the toughest ones in my life and i m so thankful for my family and friends the
6251710316,many more happy returns of the day nani stay blessed be happy keep going on
7169004950,respond to one of the tweets tagged happy
8011331079,cool fashion for the christian community fashion love motivation happy family motivate htt
3406475030,i decide to be creative today this put a smile on my face and i m happy rubber band happy creativity creative ar
8601211220,sometimes brands try to outsmart competition by doing silly things this google ad by a leading pathology brand
4721437858,happy birthday hb d natural star nani
1577671260,i decide to be creative today this put a smile on my face and i m happy rubber band happy creativity creative
4568181550,yourself be happy single ladies self date night buying roses is fun until a man comes along to enhance your life i
2556992995,yourself be happy single ladies self date night buying roses is fun until a man comes along to enhance your life i
2973459952,fastest growing g network happy for fastest customers services 198 happy to help i recommend to all my
1794604789,happy birthday hb d natural star nani
6068210236,cool fashion for the christian community fashion love motivation happy family motivate
4474244813,respond to one of the tweets tagged happy
6039619272,reposting which one are you good morning love inst a good me t bt cute follow
8302536720,yourself be happy single ladies self date night buying roses is fun until a man comes along to enhance your life i
5829568828,birthday celebration birthday boy happy party drinks silverfoxlb the silver fox
4940931035,new snow globe friday today snow globe peeps collection happy yay i love snow globes
8801424887,learn to create a demo video goals happy success career love motivation sunrise like
3199776336,doubt kills more dreams than failure ever will paz gratitude blessings happy moving forward awakening changes sou
2160695977,inst agram inst a story got her some free happy i think this is a song shooting from sam s la
5443022857,hey kindly help me spread my new single to your amazing fans i believe they will love it happy thankyou ht
3478681283,nice back to back wins way to go aggies ladies yes happy self ie aggies 4 l i f e gig aggies aggies fan
1489849678,yourself be happy single ladies self date night buying roses is fun until a man comes along to enhance yo
1606829301,reposting happy tip tuesday do you agree with the quote like or comment below good morning
6970086907,clean kitchen clean kids ugh and a big bottle of wine happy
6529753436,cow scratcher happy cow monday motivation
1331662372,i have some happy sellers today less than 4 h o u r s to get a contract from this listing happy sellers a happy
2556390747,reposting happy sunday let the new week be one of greatness we re no longer settling for medioc
8910942458,2 happy friday video of sasha fox x like check out bookmark click visit
1755960308,make a wish take a chance uk street art pure graffiti wish believe love brix ton london happy wish you were here g
1349498117,looks surprised looks happy looks excited gehrke look
2718752214,today s positive affirmation affirmation affirmations positive affirmation positive affirmations mantra
6060049333,np dd dogs are happy with few things because they have already observed man who is unhappy with many things mehmet murat ildan
2918044946,if you want to be happy find ways to make others happy without sacrificing yourself
2879563011,in 13 hours we ll be mr mrs i told him last chance to back out he seems content to stick around marriage happy
5876689831,2 happy friday video of sasha fox x like check out bookmark click visit
3661941697,instagram sssong yg posted a picture president wea tewell happy best restaurant ever real time lapse
7237365849,i have finally fixed my stream so i will see ya guys on monday d happy release the dragon stream support small streamers
3679463127,happy b day to you sir stay blessed live long
1751400273,fun happy night classic spider man kids costume
4199825183,girl breakfast time gadingers old friends breakfast breakfast time happy blessed schoolmates
5317038252,breakfast time gadingers old friends breakfast breakfast time happy blessed schoolmates
1094852970,re tweet me happy friday
7012071964,beautiful happy kawaii cute cat ears ring
7223670830,happy 3 to our social media intern beth jordan year birthday plug bit media
3379199612,a gift from canada has arrived i really really glad thank you so much canada thank you love you
7592997177,d minoru sunrize australia happy
6620554197,the more you grow the more love i feel happy
2097912656,many more happy returns of the day star nani stay blessed and be happy
4357437939,no better way to end the week than cheering on team canada at pye ong chang 2 0 1 8 with some of my favourite people
2794724331,lenox tweet y grand surpise happy birthday figurine with box great gifts
1805326908,kinda great ru paul vier nes vesper josh boyfriend together happy dinnertime
1402628949,oh yeaahhhh its saturdayyyy saturday morning belike happy weekend i love saturday
6920052723,where focus goes energy flows paz gratitude blessings happy moving forward awakening changes soul consciousness
1654304946,yep parents help your child choose well if your child must attend a liberal colleg
6864723237,do you think of me sometimes or is it too faint now the meaning itself is awkward happy
5339603475,adopt dont shop happy update from pablo ex bonus and lilly ex kim how heartwarming to see our boy who was so sad and
4069427494,happy saturday do you what that means it s time for messy hair big shirts coffee happy saturday night
6680655809,perfect end to a lovely day duchesse home life west sacramento happy fridays
8771114183,my jaden baby love all ready to go home happy boy love u son so much xx de mel za
2542797350,celebrating prosperity with crownroyal apple the good life prosperity happy
1236776325,i love bringing one flowers for my mom to brighten up the house what are your favorite flowers
4331446974,for it was not into my ear you whispered but into my heart it was not my lips you kissed but my soul judy garland wedding happy love
3713497275,scorts ma ana happy hour de 7am 3pm llama me 5584121656 scort
2049398366,ma ana happy hour de 7am 3pm llama me 5584121656
7703664137,now playing the most relaxing music of all time stress free happy 3 hours best romantic relaxing music wonderful
2511057270,when your hens are super happy they lay some really beautiful and colorful eggs hens happy
5717120294,making others happy makes us happy happiness joy nature wildlife photography
2883472243,a sweet meditation after my sauna thanks for the photo paul sauna jacuzzi joy health happy
8611359718,i got the subscription for 9 my cousin was happy that he had to pay 9 as a subtle discount cinemar
4692997749,size 44 fit 43 gome b razor run love happy me healthy lifestyle
2355281021,latepost late post happy fun oot d style cool indonesia visit indonesia anak indonesia
2236487114,watching sense and sensibility movie the weekend is here i love hiding out at home happy
4867748320,adopt dont shop happy update from pablo ex bonus and lilly ex kim how heartwarming to see our boy who was so sad and
2924735230,hello my dear friends happy sunday and happy rainy day
4836641644,size 44 fit 43 gome b razor run love happy me healthy lifestyle
6653462776,latepost late post happy fun oot d style cool indonesia visit indonesia anak indonesia
1675830712,watching sense and sensibility movie the weekend is here i love hiding out at home happy
7108592293,still live been streaming for 8 hours today twitch stream
7135427445,morning how is everyone
4143320521,btw that song is you ll always find ur way back home by hannah montana
1845824146,see u bye see u i love the hot30
8303697180,good morning tweeps wishing you all a great day
8067826707,based on future and forgetting ignoring present who is the best keeper according to you dhoni or parthiv
1785874201,do you know what s my best tactic my best tactic is to just go with the flow and you don t care
6505922829,or maybe i joined you in denial either way it s the best way to deal with monday
1225836886,welcome
7051509324,i try my best
8058504078,ten bucks says i know where your going and if it s where i think it is let me know if my boulder is still on the beach
6130510728,and it s off to work i go only 9 5 days until the kiddo s finish
1399857908,making a twitter account
7400931489,watching good morning america
2425696588,long night ahead
7805326766,wee done with advance audit paper
2732331791,mornin
3752276358,waching gray s antomy
3971700692,you have a plurk account too
3424193825,anyone of you indie heads know what donie from the hassle merchants surname is help need for copy
5183250936,well at least you wont be late
3455262968,just thought of a spanish name that she will pretend to be one night out ariella gonzalez like it don t care because i do
5313054642,thank you very much for the follow i have re followed you also
7213952213,learning french funy school day today don t be mad about english
7504936079,wanna be well who can argue with gibbs and win p finally someone who knows gibbs n tony
3250395544,its never ending
6065973091,thx all it s a 3k capacity bought second hand
8216576949,t bone s gone to sleep think we re gonna join him
3149236065,zen related stuff quot go with the flow quot very easy to accomplish it started to rain so the rain will flush me away
6364558075,i ll give you directions from hjaia to covington
8328039633,ok take care
6765254609,just completed button hunt 3
8310705471,i always appreciate your quot musings quot
2537497999,anekie ok darl i will suggest you to the mua tracie weaver as she ll be making the decision
1787700187,good morning
2540282971,will try to make it there at 6 30pm
7864146193,i ll be at the new movie showing at the franklin on thursday night several of the sla faculty will be in attendance
3040403555,back to house work now
2506754463,is tired and turning off the internet you can play on it in the morning
2818476608,its a damn shame they wont let the little one play slots she is lucky
2677523606,i am gonna hanging out with my friends luvin jonas episode 1
8100903633,may the forth be with you
8446348197,thanks anyway
1599204532,colette by saying a big hello to you
5555738036,it does
6007877734,my name is toggling in and out of google suggestions help me by searching more for quot ganesh jaju quot and clicking on some link
7279066406,hello may you have a great day
4266883395,quot there are people and then there are pencils quot some are sharp some are not and some can be sharpened my pencil philosophy
6248288606,de baillon
4910450828,is making a cuppa coffeee
1576913177,hey it s easy just type what you re doing just like facebook but much simpler have a good day
3026570264,happy emox lmao lucky it s 10 minutes on foot for me ewww school lol on the bus now
2669563370,getting ready for school class starts at 10 critique at noon i ll be painting my vermeer most of the day though
6456646030,ladie g morning headed into the classroom now have a good one
1686064811,you can turn the bird sounds off if you like in twitterena check out settings from your home page
7836015485,is done reading the book magnonotes na ako sa mga kailangang imemorize
6710058143,getttin ready
1088990512,just bad good leader and delegate it
1661497894,ofsound oooooooooook xd que aproveche la cancion esta genial
2251795456,reality morning trish have fun today
8047445159,watching matilda
6972447811,just joined a twibe visit to join not a spinner myself but do know and respect spinners need coffee
3032453098,came from greenbelt amp power
3222148614,you will hav to ask him
6578375369,instant internet marketing empire bonus recoup your investment in 24 hours or less
8068661152,judd day
8891493773,starting some work on final year project just making some test pieces in flash to see how things could work listning to ipod too
6816782632,you don t get that from marcus i must say sam bradley
6568286830,strange that is exactly the chapter god laid on my heart to read in the message yeaterday morning he works in mysterious ways
2780611316,posting my first tweet
3360381538,ta babe you know me i do love your curried
1006217495,get my ass out the door and go to work i m goin i m goin
8206019354,well that is nice loving the new friends organiser too
8760563749,browsing find everything about university amp interior design
7643536898,watching spongebob
2146875296,im almost to 300 updates 200 more to goo
5553892102,cant thank you enough who is nitin between
8474162905,tom delonge
2969556159,trying tweetdeck have seen you are twittering with that programme so i thought i should give it a try
7739640925,g mornin twitterville took the day off from tweet n yesterday amp i m quot jonesing quot to get back into it today
2398962900,ok thanks do you like my new pic
6072127175,6 weeks today untill my 18th birthday yahoo
3847095763,"""I felt as if Debbie was a friend giving me tools "
8459597781,A very unorthodox approach for ending #panic and #
7419713685,Mind Hacks to deal better with #anxiety and #worry
8925427332,You have a #choice - You can either #worry or #wor
3099320816,Just saw this on Amazon: How to stop worrying & st
7408208918, @awilkinso: #frustration & #worry come from #desi
7248538932,Thanks @BrookWoolf for the Retweet üíö did you li
2650831387,#frustration & #worry come from #desire ~ Buddha  
2596882832,We experience moments absolutely free from #worry.
8066041601,‚ÄúWorrying won‚Äôt stop the bad stuff from happen
8732855020, @IamSaimaBaloch: Don't #worry about #people that 
3793668668,Don't #worry about #people that are in your #past 
1436746044,FEATURED ITEM - #Inspirational #Worry #Stones #Cry
5128237017,.#stress & #anxiety r based on #worry of future ev
7224044077,5 Free Apps and Websites That'll Help You Relax  t
1164013245,Don't #worry if you are #enduring the #darkest #mo
1325709581, @dlhampton: What Depression Looks Like In Your Br
6067362158,Does your child's #anger or #worry feel like a tsu
1634833844, @SayNoToAnxiety: #Worry #doubt #fear and #despair
2239432995,#Worry #doubt #fear and #despair are the enemies w
2217436869,Stop Feeling Anxiety & Worry. This is how:  t.co/Z
4772437045,A Simple But Powerful Way to Kick The #Worry #Habi
5531383436,May the rain wash away your worries #worry #quote 
5640766601,Why transitional times bring worry  t.co/yHw8mKjA4
6114621784,"I uploaded a new episode ""The word ""again"" and how"
3312801552,@DepressionArmy Troubles aren't permanent like tat
3887578376,It seem that #BokoHaram are now a very big player 
8730393744,On the blog https://t.co/Bt94Ylud1T #castmember #c
2535704410,@darrenrawlings I quite often find it best on Twit
4372701732,Most things I #worry about never happen anyway. #T
8347605053,Hurry creates worry creates stress creates heart d
7082904559,worry wears us all out - God promises to take care
5669524907,This helpful cartoon infographic may help your chi
8964304947,The #Bible tells us over 350 times in various ways
7106649517,If you constantly #worry about everything you dese
1012317005,‚ÄúWorry does not empty tomorrow of its sorrow. It
1841246356,To #Worry is not the #solution for #problems . Say
4056327964,"""The Blacker the Panther the more bangin' the beat"
1428219083,‚ÄúTake one day at a time. Today after all is the 
4247180664,If you constantly #worry about everything you dese
5225857452,Fed up with your #accountant? Switching has never 
8377897443,LIVE: Matthew 6:26 on #spreaker #bible #birds #jes
7435386201,#worry is always #wrong for it paralyzes active #f
5204958427,Child Psychologist's great review for Little Worm 
2224128396,Will you get caught up in #worry ? #motivation #en
8908096017,I was taught how to worry.  Read More At:  https:/
7906098257,Do not #worry it is all #good! https://t.co/Izofdr
1789966279,If you don‚Äôt listen to #worry by @GraceVonderkuh
8413923428,If you change your thoughts and choose to not #wor
3763472733,Today Jesus transitions from telling us who to ser
5928824263,LIVE: Matthew 6:25 on #spreaker #drink #eat #jesus
5097556193,WEDNESDAY WISDOM: Why Do You Worry About People Wh
4095439958,Dump your fears and marry your dreams #fear #anxie
2982111336,Meditate to Reduce Worry https://t.co/EOUUNAW2ZF v
6499428647,@LeedsNews You #worry that the buses will be on #t
4533673464,@MarcusInStroud As you've got my back on that scor
4407211366,The roots of worry always share the same soil with
2557640976, @msariaferreira: Please don't #Worry! The future 
2014508361,Please don't #Worry! The future is not here yet & 
4448988770,#Worry is interest paid on trouble before it comes
3771077759,Our worry is an insult to God's strength and intel
3091944915,Worry gives a small thing a bi
5997800834,Worry gives a small thing a bi
3030071429,You do not have to worry he did not
5183563018,So true! Happy hump day everyone #worry #anxiety #
7507381412,#Worry gives a small thing a big shadow. ~ Swedish
7773666382,Don't #Worry No matter what Happens or what is NOT
3150211691,Everything you need will come to you at the perfec
3948924006,NCIS #Pauley #Perrette #Dwelling in #Worry #After 
8229709375,Changing These 4 Beliefs Will Make You Surprisingl
7271991213,When you constantly #worry about the future you ca
6091073348,#Worry won't change the future or solve your probl
6934420207, @StayYoungMedia: Chronic diseases linked to #worr
5540757843,@labourpress @jeremycorbyn There will be a huge fi
6326700190,You don't need to worry about that. My personal ch
3872430738,#childlife and #psychology go together @BoomerangH
1847081957,Don't #Worry No matter what Happens or what is NOT
6042533343, @StayYoungMedia: Chronic diseases linked to #worr
1665939284,Changing These 4 Beliefs Will Make You Surprisingl
4159817048,If you change your thoughts and choose to not #wor
6049391214,"On this Vietnam War Veterans Day, we celebrate the brave Vietnam Veterans and all of America's Veterans. Thank you for your service to our great Nation!"
4596517953,"Working hard, thank you! "
3489878526,MAKE AMERICA GREAT AGAIN! 
3200119934,"Massive overflow crowds in Grand Rapids, Michigan tonight. Thank you for joining us tonight!"
7805043930,"Beautiful #MAGARally tonight in Grand Rapids, Michigan - thank you, I love you! MAKE AMERICA GREAT AGAIN!! "
4627834810,"On my way to Grand Rapids, Michigan right now. See you all very soon! "
2298980242,"The Republican Party will become the Party of Great HealthCare! ObamaCare is a disaster, far too expensive and deductibility ridiculously high - virtually unusable! Moving forward in Courts and Legislatively!"
2903971887,"Very important that OPEC increase the flow of Oil. World Markets are fragile, price of Oil getting too high. Thank you!"
1808053665,"Wow, ratings for 'Morning Joe,' which were really bad in the first place, just 'tanked' with the release of the Mueller Report. Likewise, other shows on MSNBC and CNN have gone down by as much as 50%. Just shows, Fake News never wins!"
8528993449,"Will be heading to Grand Rapids, Michigan, tonight for a Big Rally. Will be talking about the many exciting things that are happening to our Country"
2669902636,We are here today to award America's highest military honor to a fallen hero who made the supreme sacrifice for our nation Staff Sergeant Travis Atkins
7066221444,Also discussed political fairness and various things that @Google can do for our Country. Meeting ended very well!
4717615563,"Just met with President of Google, who is obviously doing quite well. He stated strongly that he is totally committed to the U.S. Military, not the Chinese Military...."
3410680314,Proclamation on Recognizing the Golan Heights as Part of the State of Israel
3946585071,"Thank you to the House Republicans for sticking together and the BIG WIN today on the Border. Today's vote simply reaffirms Congressional Democrats are the party of Open Borders, Drugs and Crime!"
4963434415,The Republican Party will become 'The Party of Healthcare!
6299362523,A team of great champions!
6439785423,"Today, it was my great honor to welcome Prime Minister @Netanyahu of Israel back to the @WhiteHouse where I signed a Presidential Proclamation recognizing Israel's sovereignty over the Golan Heights."
7542129391,Breaking News: Mueller Report Finds No Trump-Russia Conspiracy
4358812988,"No matter your ideologies or your loyalties, this is a good day for America. No American conspired to cooperate with Russia in its efforts to interfere with the 2016 election, according to Robert Mueller, and that is good.' @BretBaier @FoxNews"
2155003774,"No Collusion, No Obstruction, Complete and Total EXONERATION. KEEP AMERICA GREAT!"
3643659678,MAKE AMERICA GREAT AGAIN!
1753883227,"Good Morning, Have A Great Day!"
5722801298,"Today in Florida, @FLOTUS and I were honored to welcome and meet with leaders from the Bahamas, Dominican Republic, Haiti, Jamaica, and Saint Lucia!"
1691447568,It was announced today by the U.S. Treasury that additional large scale Sanctions would be added to those already existing Sanctions on North Korea. I have today ordered the withdrawal of those additional Sanctions!
1760397293,"It is my pleasure to announce that @StephenMoore, a very respected Economist, will be nominated to serve on the Fed Board. I have known Steve for a long time ' and have no doubt he will be an outstanding choice!"
3556500605,"Our own Benjamin Hall is doing fantastic reporting on ISIS right on the from line (True). ISIS was willing to die but now, because of big pressure, save for a few people in caves, most have surrendered. A testament to our President.' Thank you Pete Hegseth @foxandfriends"
3124681398,"3.1 GDP FOR THE YEAR, BEST NUMBER IN 14 YEARS!"
4350687865,"Today we celebrate the lives and achievements of Americans with Down Syndrome. @VP and I will always stand with these wonderful families, and together we will always stand for LIFE! #WorldDownSyndromeDay"
6682968592,"We are here today to take historic action to defend American Students and American Values. In a few moments, I will be signing an Executive Order to protect FREE SPEECH on College Campuses."
1352587708,"After 52 years it is time for the United States to fully recognize Israel's Sovereignty over the Golan Heights, which is of critical strategic and security importance to the State of Israel and Regional Stability!"
7757877011,Leaving the GREAT STATE of OHIO for the @WhiteHouse. A really great day!
6644690493,Really beautiful to see!
4592436786,"Great news from @Ford! They are investing nearly $1 BILLION in Flat Rock, Michigan for auto production on top of a $1 BILLION investment last month in a facility outside of Chicago. Companies are pouring back into the United States - they want to be where the action is!"
6101358514,"I am thrilled to be here in Ohio with the hardworking men and women of the Lima Army Tank Plant! We are here today to celebrate a resounding victory for all of you, for Northwest Ohio, for our GREAT MILITARY, and for our entire Country"
7017109811,Campaigning for the Popular Vote is much easier
1089785315,Thank you could not have said it any better myself!
5627365286,"WOW, is CNN becoming a believer?"
5127924365,The Economy is Great!
4789646489,Thank you for setting this up..offers an alternative forum. Cheers toshi
4773178375,Thanks Alex
7197122709,"What about GIC,GLC etc..?"
8437548306,What about the punishment ?
3883939878,Wow lan! Plp until like this! Can cooked up story!
6682355748,"alamak, where's my comments?
chow jamban aunty. go exercise collect cardboards to save environment.
where's our reserves? the gold lost in gambling? why tax the peasants?"
6258723851,More to come
4858135058,I hope not all  Singaporean have to run to Hong Kong like LHY and family.Long Live 
2020383334,Best quote ever
3615471327,fark thailand.
7620936246,Spoken like a nazi.
4792987697,"If approved next month,Self employed to paid CPF.God knows how much a plate of chicken rice will cost.good luck Singaporean.ü§£"
8719421004,save more money prepare for gst increase ok
3312562106,If you receive your million dollar pay in cash.i fully agreed.
1374274621,Everything the price keep increasing how to give birth..
1275749969,wonder what kinda of brain does she has.....
5679323193,Hmmmm level the playing field between the rich and the poor. We have community centers around s'pore why not open a tution ctr/study corner (funded by the government)  for the low income/ disadvantage student to go and finish up their home work after school and where they can get extra support for their weaker subjects.
1329246796,This woman hv unsound mind
8125676428,"This is a very good example to show we should think before we talk, instead of keeping the brain as new as it is just like a newborn"
3151039738,So school teachers has less time for themselves? and private tuition centres business plummet?
8157877941,Well done... come.... Let me give you 1 tight slap..ü§öüèª
6692326081,"Haha... everything increasing. School hours, gst, retirement age, retirement sum, hdb housing. Soon they will increase cpf pay out too 99 years old too."
2761139320,"I think there is merit in her suggestion if she said all this in the context of what is now regarded as effective learning. Those in education will know that there are new school of thoughts in learning owing to discoveries in brain activity and neuroscience. One of the most profound discoveries concerning effective learning is that students can comprehend much better and learn more deeply and faster when they are put in an environment where they can teach other students and learn from other students. Studies on the adoption of this approach in the poorest and most troubling neighbourhoods in the US have shown that the students there were able to score well in maths and other subjects when they were given the responsibility to lead. No tuition was necessary. On top of that, the students looked forward to going to school and wanted to remain in school. Education has moved beyond grilling and learning by rote. If Sg parents are still seeing education as such, I think their poor children will continue to look for a catastrophic way out of this life. And they will only have themselves to blame. I am not saying that the NMP is right as I do not what basis her argument is based on. I suspect she might be attempting to plant the idea of longer school hours in the public's mind so as to fill up the empty spaces in the number of empty schools (an extravagant waste of public funds base on an over optimistic expectancy of immigrant and immigrant babies).  But I think a 7 - 5 environment, even it it means a full day class, which can allow for the new approach in learning to work, can be seriously considered. I also think that the ST writer should refrain from emotional writing. Just present the facts. I can make up my own mind and your job is not to tell me how you feel."
6129079118,"Hey, students also have a life okay, get one yourself."
4923425729,But life is not all about study..
3020583014,Madness. Please let children be children. Allow them time for relaxation and recreation too.
6846058710,"Asking students to study from 7am to 5pm  is very easy, but ever think about how tired can they be to be sitting on a the chair for more than 8 hours and only 30 minute break time, plus CCA. Many adults thinks that students job is to just study but what about their mental health?I'm a secondary 2 student here, I've been through depression when I was P6, every single homework I was told to do was not completed no matter how the teachers forced me to, depression made me feel lazy, useless, hopeless, so it made me think in a negative way like ""why should I study, no one cares, I suck, I can never pass PSLE."" Back then in 2016, many teachers were talking about me, I was so called the ""famous"" kid that doesn't complete homeworks, but with the encouragement and motivation from many teachers, I tend to work harder and in the end I passed my psle. Asking students to study for a long time does not help them with the studies, but more harms to them."
4470085928,Totally agree
5195210890,True Bro.. Human got desire..
8006915493,Agree!
3646891697,Only you think that way
1964734038,So true
6372793297,Lee Bee Wah will be very happy.
3285777559,Who really believe this this news is true? Lol I would like to find out
8681886859,Good job. Keep it up. The only fucking terrorist is the fucking govt. Stupid assholes keep voting for these cocksuckers.
7384911978,I'm amazed as to u guyz are entertained by this fake news
5770028143,don't guess. find out!
2934987306,Cronyism at the highest level!
7332022658,we still  all power to change this in  2021... only if the 70% stlll can wake up  .???
2376518812,They better....
2566937340,True indeed
4837437716,Worry is useless. Use your precious vote during GE to effect change for the better for you and your family. Vote wisely.
4069933071,Found my daddy
1847211518,Finally cleaned out my email inbox!
3023600010,"Periodontist is not worried about my transplanted gums. She said give it a year and hopefully the tissue will migrate (?) to cover the root totally. So that's good, if kind of disturbing to visualize"
4774619915,"Do you have chronic #pain and want #relief - great time look into what CBD can do to help you. Before judging, check this website and try it - what have you got to lose - but weight, pain, wrinkles,"
2335621529,Moved in ma lil crib tonight 
3489417796,This is the best Monday Iíve had in ages
6587291447,"ride ever taken, must say the process was less stressful as I thought, our driver was awesome and we had no issues getting there, beats leaving our car in an unsecured airport parking lot"
5118767089,"Our Pain Cream is a non-comedogenic luxurious cream infused with jojoba oil, arnica, menthol, peppermint, to cool and relieve your aches and pains."
5185917929,Thinking i'd damaged my foot and was straining it but it seems it's just the treadmill having an imbalance aggravating it 
1898239846,"It appears that nigel isn't what he seems to be. Whilst the jury is still out, the oncologists think it is probably a mass of lung tissue rather than a tumour. 6 monthly scans"
1888808679,Only God knows!
1773439931,Got my taxes back from my accountant & the situation is FAR better than I anticipated. Yay
3606265891,You Are Stronger Than You Think. Anxieties Remedy Can Help You Develop Skills 
5790414946,"Hydrate, restore and revitalize your skin"
1994087185,Dissertation is officially ready to print and be bounded safe to say itís been a long six months are numerous hiccups but the final piece is complete
7160306941,Iím gonna sleep like ten men tonight
7766162403,Printing the planetary penguin shirt for the first time! Also rearranged the studio space getting ready for a new piece of equipment coming soon! Creating this new studio view
2002383840,"Rosario held the lead, so we have that going for us."
4087170288,Freeing your hair from the weave
1249749280,Caught a Spinda and found out they repeated the same one for April so my collection is still up-to-date!
6537492937,Would you consider yourself a yogi? Certain yoga poses can be used to relieve lower back pain! Follow the link to check the out for yourself today
1757923186,My child had surgery today...no matter what it is for it kills a parent inside....glad it is over with and he is on the mend!!
6317641441,It finally came!!
2656155095,Some of you will never understand the relief I get from holding a hot mug of coffee
5914247614,I have my baby back - with a years MoT stuck to it's arse - happy days
1889206129,You need some CBD in your life! Does wonders for cramps.
8610418468,Snatching off your bra in the car
3259125294,"Tazís migraine relief lotion. Alkaline water Shea butter, cocoa butter, and my migraine oil blend. "
1742308855,Tell me about it. They were so keen raised the offer to what we had as a high end just to secure it.
5557103278,Therapist was really nice and explained so many things...took it easy on me today since Iíve got a lot of pain..going to address that first then move on to underlying reasons for pain in the first place...feel like Iím in good hands
3844908618,They met with this Syrian refugee family in their home as the family opened their MCC relief kit. 
6404427490,"Chronic pain also has the potential to cause anxiety, which can keep you awake even if you're feeling comfortable in the moment."
5464956538,Analgesic means Pain-relieving!
4101070964,"I honestly canít get over how blessed God has made me feel, by giving me a family to healthily grow with"
2220533486,Loviní this weather but allergies kickiní your butt? Stop by the co-op for allergy relief! 
7780355585,This is Thailand... Cooling Traffic Down
4849499788,Last bottle in Jacksonville
3125125266,"Paradise Organics CBD Concentrate - Eat it, dab it or rub it where it hurts "
2395698811,Not just fences - the highs and lows of the #GrandNational: A quick tour of the racecourse using
2723434056,"After recent #cyclones in the region, volunteers from HF #Mauritius have been distributing #relief supplies on the island of Rodrigues"
5152113818,"Hey #spoonies, this is the best lidocaine topical for small aches and pains I've found yet. Easy roll-on, it's effective within moments."
2492182992,"Dear bladder, thank you for being so strong Was running so late this morning due to some patient emergencies that I couldnít spare a second to nip to the loo...actually found myself wishing I knew how to self-catheterise This. Is. GP. Life...In real time."
2532907542,I always find a way to laugh. Best stress relief ever!
4083419072,The only reality is the moment. The past is gone and the future has yet to occur. We must look only at this very moment if we want relief from the suffering of human existence.
7750248813,Printing the planetary penguin shirt for the first time! Also rearranged the studio space getting ready for a new piece of equipment coming soon! Creating this new studio view!
1375188801,"Rosario held the lead, so we have that going for us"
5204168277,Freeing your hair from the weave
4080007958,Sunday #ScamLikely phone calls aren't as frequent as the week days.
3825423110,Caught a Spinda and found out they repeated the same one for April so my collection is still up-to-date!
6016819527,List 15 of @mooreaseal 52 Lists for Happiness ...List the things you want to say No to....just for this week ìgo with your gutî and say no to the things you donít want to do
3478042866,Would you consider yourself a yogi? Certain yoga poses can be used to relieve lower back pain! Follow the link to check the out for yourself today: 
1586172813,ëElmhirstí has been found wandering the EnglishRiviera!
7413999983,My child had surgery today...no matter what it is for it kills a parent inside....glad it is over with and he is on the mend!!
2884400363,It finally came!!
4266084608,my MC was running from the FBI because they linked him to a crime. I was 30K words in and had no idea what the link was. Last week I figured it out. #relief. Major breakthrough that made the ending possible. What are you doing?
7966262677,I have my baby back - with a years MoT stuck to it's arse - happy days 
6322489697,"Don't let soreness keep you from seeing the view of a lifetime! Find #relief from pain, recover more quickly, and get back to doing what you love with Cornerstone Botanical's premium #CBD products!"
3688812431,Some of you will never understand the relief I get from holding a hot mug of coffee 
1442607982,I always find a way to laugh. Best stress relief ever!
2630034401,"Works in progress from 5J! I love this project, but I particularly love ìhair dayî when these relief portraits really come alive!"
2625791393,"We are so, so proud of you all! What a huge achievement! Well done!!!"
6320577343,"I had some of this THC bomb given to me for nausea & boy has it helped, I felt instant relief in my guts right after my 1st dab. I was told this is what theyíre giving there cancer patients & now I see why"
4452180594,"Can you imagine yourself feeling pain in your bones and muscles everyday, all the time and being so tired that you can't even tell? We understand how is to live with pain"
6928005700,"Mumbai Farmer protest, where thousands of farmers protested in scorching heat, Khalsa Aid provided water to around 35,000 farmers"
3677204365,Local cryo targets specific areas of pain and inflammation and helps provide relief to those areas. We have helped individuals ages 6 - 97 years old gain relief. 
3853095626,BurnFree can provide cooling & soothing
8101289466,"Exercise is a big part of my life now, it wasn't always but now that I want to be more active with my kids and summer around the corner, warm weather, outdoor activities = sore daddy, Relief cream is a great way to help with recovery"
3595472481,"like help folks in Nebraska affected by the catastrophic flooding. Your gifts of buckets and cleaning supplies, blankets, school supplies and hygiene kits have been shipped"
6721208605,"Looking forward to telling the #IrishFamine story of this #Kildare native tomorrow night. A prolific writer, he overcame personal tragedy and called the government to task over"
5723095566,hopes to be back in action by May!
8977044400,Clearly tensions were getting tight on the ?@LFC? bench in the closing moments 
6928087342,"Just a baby #printmaker, taking her first steps with developing her voice in"
6953852669,"AZ Neuro is a Unique product for migraine. It helps in It decreasing joints pain, tenderness & swelling."
4057472982,Our goal is to help you achieve lasting pain #relief and improved quality of life. We start by really listening to whatís going on with you and asking questions that will help us correctly diagnose your #pain. Call us now at 805-209-4303 to schedule a consultation
7506398835,"deployed a team from Bazaruto Archipelago National Park to support #relief efforts around the Buzi River, west of Beira, in the wake of the catastrophic devastation inflicted by Cyclone"
2823488210,Longboard is the best outdoor game in recent years. Everyone loves this game. Riding the longboard gives many benefits to you. Here the benefits of longboarding listed.
1526748292,VVS Diamonds contain THC diamonds which is decarboxylated THC. When THC is decarbed it loses its acid ion forming 99.8% THC! This is a top of the line concentrate for all the wax lovers!!
8240001933,have no idea what to do with myself now that the dissertation has been submitted 
8455923547,Anti - inflammatory herbs that help you reduce or prevent pain in your body and you will be relieved
3404670403,What a relief to be through with the group project
4016538001,Just made a discovery! There is no such thing as the August edition. By my reckoning you don't do one!? I've been irritated and annoyed with myself since last summer thinking I'd lost one! Oh joy!!
2205927402,when you have nothing to do
2019899106,calling random people with out any reason
1051769248,Cooking is always
6162733300,if some one is not up for a lonf drive
1144346314,Home work on a weekend are boring
3352906808,waiting on a drive thru be like
3849750254,we always got late because of my wife's make up
6436425885,eating fries without ketchup be like
2268954805,people who don't go on vacations are
8003621349,young one found news channels
4444958594,"If you donít dance, you're a boring person"
2314515787,my grandpa's driving is so
6080130855,My mother always tells me to do thing which I don't like and they're
1183796626,putting thread in to the needle is 
5592058203,people who plays candycrush are
8807943231,best why to get bored is to watch Indian Dramas
8111579258,"you are a nerd, whch makes you a boring human"
6808223253,people who talk more are mostly
5325212720,if you don't play sports
4808403576,my science teacher is too boring
1658992857,movie with subtitle
4700130871,Listening to Trumps speech is 
7545130782,I don't like when someone tells me what to do
4098389314,my teachers here in university are
3201683813,"I don't like to take stairs, because it's"
3831456408,waiting in a Mac Donalds que be like
3756222377,people who reply my late are too
6034350739,whenever my friends arrange any party and then they show up late 
1244574978,making a tie be like
3806798283,listning a song on repeat be like
4279520091,eating same meal daily be like
2002738965,reading a newspaper now a days be like
1385381669,following a veteran in a traffic is boring
6261381457,buffering on you tube be like
8800587234,people who don't use 4G are
7956103858,playing same video game daily be like
7894041969,Taking a appoinment over a call is boring
4677475719,Ironing the clothes is boring
4738924874,Waiting in a ATM que be like
6182136353,"Dominos is better then Pizza hut, because Pizza hut take too long to deliver, which is boring"
3713175238,waiting for a pizza delivery is
8013715841,when some one speaks too much
1045918276,when some one puts my call on hold
1475995355,waiting for someone be like
5483805994,"when my mom says, the dinner will be ready in two minutes"
2787376870,It's boring when any one over a call tells me to wait
4011947049,"When is see a couple, kissing in couple #Boring"
8562278217,using cellphone in between a debate be like
2695084414,wating for a delivery is so boring
2707019631,people who don't talk much are boring
2256363951,people who talk much are boring
1727182862,people who donít like game of thrones are boring
1039527584,"watching soocer match, with out any goal score"
4097158233,playing basketball without dunk 
7345218080,Having tea with out sugar 
2083922758,Having vodka with out ice cubes
1154691632,Avengers without Hulk are boring
6462769099,cars without rims are boring
8065903449,Footballers with out tattoos are boring
2434302496,sex with condom is boring
4114774953,WWE is boring
2676257438,burger with out cheese
2365345088,cellphone with out internet
7780427865,Having no girlfriend
8369891816,listening class presentations are too boring
7371853389,life with out challenges
6609546937,people who don't like spicy food are boring
7815307245,software without a good GUI 
6247702266,Using a cellphone with buttons
2753517217,Movie without comedy
1998043894,listening soungs with out headphone/ ears phones
8067047761,Cleaning my room is always boring
2849497667,waitng for a UNO bus
8069204789,Advertisements on facebook re always boring
2189908413,Having showing with out music
3978627721,listening same joke again
5924990958,when playing PUBG alone
7152843149,my life without my cellphone
8442021552,University of hertfordshire with out Cheeky Wednesday
7113662819,christmas without Santa
1715746930,Just waiting on a phone call... aaaany minute now.
8375646467,"If I know what love is, it is because of you."
7264461262,"You are the source of my joy, the center of my world and the whole of my heart."
4204234355,Everywhere I look I am reminded of your love. You are my world.
7023399258,Your love shines in my heart as the sun that shines upon the earth.
1411878027,"My angel, my life, my entire world, youíre the one that I want, the one that I need, let me be with you always, my love, my everything."
2028383772,"I may not be your first†date, kiss or loveÖbut I want to be your last everything"
1341028883,"Each day I love you more, today more than yesterday and less than tomorrow."
2289088564,Being in love with you makes every morning worth getting up for.
2704871964,Your voice is my favorite sound.
3547481605,Youíre that part of me Iíll always need.
5280395840,I fell in love with the way you touched me without using your hands.
7798126377,"Before you came into my life, I never knew what true love felt like"
5045077173,I love it when you send me those texts that make me smile no matter how many times I read them.
3988194504,My heart is and always will be yours.
7128418715,"This is a†thank you†for every hour we have spent together, for every kiss, for every embrace and for every tear shed for one another."
5204641027,I just want to lay on your chest and listen to your heartbeat.
8513096928,"When I tell you I love you, I am not saying it out of habit, I am reminding you that you are my life."
6124479095,The brightness of my day doesn`t depend on the amount of sunshine. Everything depends on your†smile.
5982149122,I`ll allow you to appear in my†dreams†every night if I`ll be allowed to be in yours.
6481366648,"I know you, and I can openly say how love looks like."
7794707594,Some people search their whole lives to find what I found in you.
8613998012,"I wanna live, sleep, and wake up by your side."
8526901368,Why canít you just magically pop into my room with me and just cuddle for the rest of the night and kiss my head when I start to fall asleep?
8103783879,"I am very indecisive and always have trouble picking my favorite anything. But, without a doubt, you are my favorite everything."
8392161499,"I donít wanna close my eyes, I donít wanna fall asleep, cuz Iíd miss you babe and I donít wanna miss a thing."
5886691252,I donít need paradise because I found you. I donít need dreams because I already have you.
6308420888,"I canít stop thinking about you, todayÖ tomorrowÖ always."
1879077056,Thank you for always being my rainbow after the storm.
5362382616,The best feeling is when you look at himÖand he is already staring.
5817931154,"Thank you, my love, for always making me feel like the most beautiful woman in the world"
7895164639,If I had to choose between breathing and loving you I would use my last breath to tell you I love you.
4394316330,"Everything I needed to feel happy was love. I met you, and now I need nothing"
1082100844,Thank God someone threw me away so you could pick me up and love me.
3075355406,I would rather feel your breath on the back of my neck than have all the riches in the world
8981481755,I love the sunrise because each morning itís a reminder that I have another day to spend with the man of my dreams.
3511739553,"For it was not into my ear you whispered, but into my heart. It was not my lips you kissed, but my soul."
1423847008,"No matter where I went, I always knew my way back to you. You are my compass star."
4556910186,Sometimes my eyes get jealous of my heart. Because you always remain close to my heart and far from my eyes.
6413468222,Because I could watch you for a single minute and find a thousand things that I love about you.
1879397162,"Loved you yesterday, love you still, always have, always will."
5942836699,Morning without you is a dwindled dawn
4816954330,"Whatever our souls are made of, his and mine are the same"
4390595731,"One day, I caught myself smiling without no reason, then I realized I was thinking of you."
1366249982,Absence is to love as wind is to fire; it extinguishes the small and kindles the great.
3942834174,It doesnít matter where I am. Iím yours.
3555170635,The scariest thing about distance is you donít know if theyíll miss you or forget about you.
3328052070,I like the way you make me feel even when Iím nowhere near.
6584624741,Iíd rather see you one day a year than someone else seven days a week
4522810331,Your absence has not taught me how to be alone; it has merely shown me that when together we cast a single shadow on the wall.
5315550213,This is the sad bed of chosen chastity because you are miles and mountains away.
5981039759,I miss you so much more than the miles between us.
8735014936,Where you are is where I want to be
3012231670,"Love is missing someone when youíre apart, but somehow feeling warm inside because youíre close in the heart."
5993064096,Our time together is just never quite enough.
5773775609,"I saw that you were perfect, and so I loved you. Then I saw that you were not perfect and I loved you even more"
1945722831,"I realized I was thinking of you, and I began to wonder how long youíd been on my mind. Then it occurred to me: Since I met you, youíve never left"
6611040802,"Promise me youíll never forget me because if I thought you would, Iíd never leave"
7645886757,"So, I love you because the entire universe conspired to help me find you."
2178397297,In vain have I struggled. It will not do. My feelings will not be repressed. You must allow me to tell you how ardently I admire and love you
2310982980,Then I realize what it is. Itís him. Something about him makes me feel like I am about to fall. Or turn to liquid. Or burst into flames.
3937592650,I donít like to sleep at nights. Minutes with you are much more precious than hours of dreams
8563517747,"I would rather spend one lifetime with you, than face all the ages of this world alone."
3188975342,"Everywhere I look, I am reminded of your love. You are my world."
3888635960,"Every love story is beautiful, but ours is my favorite."
8505819075,"I love you as one loves certain dark things, secretly, between the shadow and the soul"
5225241484,"To love is nothing. To be loved is something. But to love and be loved, thatís everything"
8354754922,"Every day I fall in love with you more and more. Well, not yesterday. Yesterday you were pretty annoying."
4497270381,"You lift me up to new levels, and make me feel things I have never felt before"
2547221313,"You are my blue crayon, the one I never have enough of, the one I use to color my sky."
4612398510,Sometimes I canít see myself when Iím with you. I can only just see you.
8206528892,You are my favorite notification
3254874221,You are my life and the only thing that would hurt to lose. I love you more than anything else.
6242875954,"You stole my heart, but Iíll let you keep it."
6788788575,"When I listen to my heart, it whispers your name.î"
2215404672,"Forget the butterflies, I feel the whole zoo when I am with you."
7309611261,I know I am in love with you because my reality is finally better than my dreams
8299856516,"You may hold my hand for a while, but you hold my heart forever"
6387512912,There is always some madness in love. But there is also always some reason in madness
7394838646,Love is a friendship set to music
6879539554,I need you like a heart needs a beat.
2176359476,There is a book launch at the Leicester King Power stadium for the late Keith Weller 18th April
6462264045,People actually listen to josh
5306383984,david got shocked
7880322624,delilah was so surprised at the outcome her business proposal
3373030994,wow. guess she's not scared of following in legendary footsteps....again.
3403346871,"So then, why are we #surprised when God sends us a #storm after we ask him to help us #grow?"
1327182894,The Undertaker !!!!!! Holy Moly!!!!
8633826238,Is ANYONE surprised?
3625430054,Behind every successful man is a surprised #woman. 
6313767817,"WOW, I set this account up around a week ago and never thought i would get this many followers so quickly."
8132147095,Catís reaction to a new home camera :) 
1659735659,Is it DELIBERATE ? or Is it just their TRUE NATURE ??
4394284975,"I thought MSU would win but, Duke is to much on defense for them. Cam Reddish is playing harder than I have seen him play all year...."
5811252442,why is everyone shocked ?
1775656474,don't act like this is a surprise 
3873840930,surprisseeeee !!!
3177541293,gasp he is huge
3159615666,Excited to share
5337769948,I didnít think you did reading only golf??
4416503907,So good.....
6542463511,I canít believe this happened I have a set!
5783761953,special thanks to my wife for her surprise arrangements
1631790961,I didn't know a passport index existed! Damn we got beaten by Germany and France
6162041618,I was scared for My life!
1914383309,Her dance performance was phenomenal . firstimever she surprised me .. 
2569242502,I mean..... why not!!! 
5071322289,Monday?!
8537333975,When did you unfollow?
7871136687,I suppose there's really only one way to find out...?
8591273486,Holy shit Gaby rmentioned me in something
2870089389,If at first you do NOT #succeed try not to look too #surprised.
4785072304,What is this?! Eli's ready lol
2043630257,I was very #surprised when I saw this #animal in the #zoo
8261619581,Oh. A corrupt Kop? You don't say? I'm so #Surprised. 
1658516144,"Reuniting with Bing after not seeing him for 14 years. Heís an alumnus (Batch 3) of CCS Ladprao ï Bangkok, Thailand."
2772310600,awe
3252835830,Ready to enjoy myself!!! Well deserved 
7568764957,Surprised her with perfect engagement ring. 
6537914446,I will always remember this yearís Birthday!!! 
7915064701,Why is hyung coming out of there..?*
1620871706,hey this is my school
7112595912,What a thrill
1778045316,Newsflash!  @Bomer_Fett didnt know who Tenatious D is.  
6362417647,I didnít know that working for @DellTech means receiving little surprises from colleagues on a regular basis.
1515156711,Ordered a Sasuage McGriddle and a Sasuage McMuffin and was APPALLED to see that there was NO PATTY.
1938668964,Great reaction this one..
6366120634,Thank you so much sa buong family!!!
8857186184,Surprise kitty 
3388009826,Wow Im sure totally
6039958146,Why is it left to a bunch of men to have the platform for this discussion?
2967568983,I am soo #surprised
2167782702,This is the face I made last summer when my Mom surprised me with my first concert - to see #EdSheeran ??I had a great time! What great concerts have you been to?
5872051200,"Disappointed with Edwards. Gave away a cheap pen with a rash challenge on Friday, and poor decision tonight?! #surprised Urzzz"
6559332308,"Been a tight day since morning, #CSK going along expected lines except for "
1023154567,that moment when you realize that your childhood dream of being part of the X-men universe came true.
5833286937,1st time ever in the new lockeroom was pre-game vs Centennial on Tuesday night.
5441101705,A theological discussion in the the JSC. Not a jurisprudential one. #surprised
7842963428,I canít believe this happened I have a set!
2302564449,A warm little birthday party
2465446073,special thanks to my wife for her surprise arrangements
8695183776,iím really surprised !
8030805286,"I was speechless , #socked #surprised and happy too. "
5460158405,I am so amazed 
6279739554,that is really shocking 
1964811978,woooow is that you move 
3800536607,this is show is actually good 
8609415320,Japanese resturants are actually so nice 
3431696815,My girlfirend shockingly makes the best tofu 
3685606082,Mummy shekina is actually so beautiful
6550596892,im surprised that he was available 
4751377556,he actually cares wow 
1354401938,surprise motherfucker 
4889758467,When you realize Ohio State lost to Iowa.
6787840429,pleasantly #surprised to receive this card from a follower in #Japan this morning.
8779610158,So this just happened!
2309096496,Very nice surprise proposal !!
7394953970,CC staff are ready to make it happen for our students and families! 
3046943706,I'm just surprised at his behaviour
6731514128,that seriously shocking 
2136811114,When I was SURPRISED on Surprise national TV in 2014
7486858224,what's good 
4453843624,why 
6581035464,go up
2819577183,leave us please 
2356926517,thanks 
3669082927,go right
6239293269,jump up 
2980842556,kneel down
3123373594,run away 
2066129630,I want it 
7584000572,I care 
6207926539,the atlantic ocean 
7876467124,what is up with jely
5689467405,beans 
5534395724,really good fish
7326750092,nice place 
5641203830,computer world 
6455289217,university life 
4373291557,stop it 
3916200355,please proceed 
8344933650,donít stop the music 
1521303769,donít stop the party 
8951605947, big feet are nice 
7081564224,jump up and down 
6386213489,swiim really fast 
2304269743,he is fast runner 
2023293477,she is slow 
6754492915,she ca jump 
7889603133,he can hoop 
4453474333,she cant guard me 
2133368326,I hope he can 
8863291727,he wont shoot
5529167545,he doesnít have range
6428865907,steve has stupid bouce 
5864707730,jamie can't jump high 
4424824844,lebron is superhuman 
3344541216,stephen curry is an alien 
5184046216,micheal b porter is gay
1750417919,gay people matter 
5946312169,black lives matter 
3447892091,angelina jolie and her two kids 
3637418135,black shows off his family 
4164881528,kanye west with north and his wife 
8963083061,stop  
2637488752,jump right left up
6790081127,rusty jump shot 
4957970142,quick feet
8620614788,lazy eyes
6151888307,resting bitch face
2622182321,stank breath
3228707404,smells like summer 
1893947217,winter has come 
2060585171,wakanda forever 
5300846168,this is sparta 
8781779407,shazam 
5573125812,spotify is alright
5834278800,crep exclusive 
7365229884,when she uptown with her chemo 
3295527363,ready or not 
5637116294,sge riding she riding she riding 
5063246519,I got the horses in the back 
2116411094,she got the apple bottom jeans 
7140593704,boots with the fur with the furrr 
2377532125,convict music 
7143229981,dJ Khaled yeah 
4187251041,donít go anywhere 
2595763805,why you coming fass 
4931029927,do it for the gram 
3521001347, everything I do I do it three ways 
5618135536,In case you didnít know
4122498998,for your information
4476244339,hit her up tomorrow 
4107623901,nobody but me
5565701348,I get goosebumps 
8302031066,up to the town 
5336331801,sounds like a helicopter 
4701697151,everybody knows 
2702424442,neighbours know my name 
4074467750,enter his car like 
5440182593,lit ike bill 
4517155750,Sometimes #math can be #fun with #motiondetector
2031680256,We're almost out of office. Mondays are #lit #Fun and #Creative.
2314943937,Depends on if you are having fun bro. For the most part I say no unless you are good at using slow target men. Plus hes beasting for me in this draft
4022664639,I'm still having fun. But I'm also high.
2040352091,But i was known as person who just wanted to have fun....
1477039977,really proud of you this looks so fun
7778251963,Fun fact of the day: Scotlands national animal is the unicorn. With the majestic views and its long history of myths and stories it is no surprise this fabled creature is our national animal
1760257379,I absolutely love this!! Your style is so fun and grungy. Please make more i think everyone would be happy to read it 
4889541447,"Itís a bit sad that people arenít talking about Shazam, itís a very good and fun movie to watch"
5012027616,I had a lot of fun with my friend today
6041528448,"I have only played this game a few times, but it was a fun experience. I strongly hope for operation after solving the problem."
5021202188,"Happy birthday to the person who is relentlessly there for anyone for needs help, love, or just an extra fun time. You are one of the kindest, smartest, mostÖ"
4278930378,Such a fun day!!! Congrats ACLC Spartans boys & girls my shs heart is happyyy
6858689601,yeh no im changing the layout it was fun while it lasted
4368718926,"Mock is not fun,players and team analyze is"
2515451693,Spent some time with my friend from school today. It was fun!
1895032634,"Love is a cigarette, fun at first but eventually kills you"
2610084943,"Last night was pizza night. Sounds fun. The catch? It was ìancient grainî pizza crust, and instead of beer we had organic sparkling water. What have I become"
1317706092,literally me... every time i start playing one of my vid games again i just do nothing but play its awful but so fucking fun
1417239782,"I've been having 'fun' with this too recently, only with vocals. I feel like I'm fiiinally taming my singing voice, possibly maybe, but argh."
7723175205,"Im not that kind of person that love to be in a relationship, but somehow i did want to try it. How does it feel being loved by someone, and not just for fun?"
4003994074,a fun cute update from me is that it wasn't the season finale!
2173000204,Never make fun of someone who speaks broken English. It means they know another language.
3277918813,as soon as I got back to Korea I had to stop by the clinic bc the heat and travel exhaustion got me sick 
5473182903,aha that one sounds fun!
5037579651,I hope everyone else is doing okay despite the weather the concert was just so much fun I miss the boys already TT
5923765060,The kids are off this day. Looks like a fun day of golf! 
1163391846,itís prom season again. Yíall have fun but excuse me as I ignore all social media for the next month or so
8594026754,NBA looks like a fun slate as well. Ton of people not playing. GPP kind of night
7959702722,Hoping for the impossible and E. Oliver ends up with a star on his helmet buuuut if Jerry Tillery would be fun too. But either way I trust this front office
4617732101,Old people always make fun of our culture but wasn't having cocaine in a soda normal to them
2009944825,It was a very informative and fun visit we had with Josh.
4823822687,"This was even more fun, and we always had a tin cup hanging on ours!"
1689079831,Having to recode all my data manually is not fun 
4317133210,he then sent me like six text messages in a row telling me I was a terrible person and I'm going to be single forever so that was fun.
2011578148,looks like your having a fun time man.. is japan expensive?
4710482546,"I was driving also, so that was fun."
2761225084,And this is likely to be the final nail in the coffin for the one website with a truly decent and fun online experience
3490748900,Not fun until someone has been bitten.
1730290852,Ok have fun not winning the league for the 30th year straight
8991088165,This whole time Iím thinking my baby having so much fun yelling and playing she was ripping up my money
6584894085,So much fun; we can't wait for the program to start back up again next school year!
7478824900,I love that they allowing the game to be fun for the young boys
3254583555,They are predicting 12 to 20 here with 50mph winds. Not fun
3449882142,"""memes/jokes"" is their other term of bullying people for fun."
4690524485,Socialist infighting is a fun subject.
7903264055,"Taking a break is a great idea. Have some fun, enjoy yourself. I'm rooting for you, brother!"
7790003547,That looks hella fun
1264451197,Thank you! I hope so too. The minis were SO MUCH FUN!!! Hereís our entire party.
1971638878,Sounds fun can I watch it with ya? 
8805450837,"In today's ""Fun with Google"": How to Host a Post-Funeral Reception. I'm just saying, adulting is hard."
7912539018,Go to the Park. You can take your family or go with a friend
5804535446,Pack a Picnic Lunch
7158629069,Do a Road Rally With Friends
1532658304,Play Card Games
1080162079,Go on a Digital Scavenger Hunt
7251431779,Have a Bonfire or Campfire in Your Backyard
7873040988,Make a Romantic Dinner
7481814631,Grill Something New
3470350698,Volunteer at a Soup Kitchen or Homeless Shelte
1836280747,Invite Your Neighbors Over
6623494473,"And yes, he is extremely a wh*te n*tionalist even though he's in for a fun surprise when people decide he's not white enough to be one."
4074198007,im watching my younger siblings while my parents r on vacation!!! its super fun but a lot of responsibility :)
7638924837,Pay off anything I owe to anyone and then have fun.
3256335136,Talking like people just rush you for fun. It's cos you're late.
8597145370,have fun & shout till your voice cracks up cause this is one surreal experience
5370431302,Iím having the most fun Iíve had in awhile
7428644977,Have fun and remember to take it all in
5586414848,"My mama Nd them finna have soo much fun in New Orleans , fungie want me to go so bad he said he a get the ticket I told him Iím going to Vegas already Nd he said fuck it then go be a show girl"
6514088388,I now have more ukuleles than hands they are addictive and above all fun
8505897496,So happy to see how much fun theyíre having
4146424031,Canít agree more. Itís fun while binge watching and eating too.
4527670752,what if i told you there's a league coming that will have none of the fun or charm but also not have any funding issues?
7874644288,why do people make fun of their fellow people
7926467410,"True I deserved it, and can yall stop fucking fighting about that cuz I play this game to have fun not fight my friends"
7568676145,"Yeeaaah! I want to build a new pc so badly, but can't bring myself to spend the money just yet. Have fun!!"
6323907832,And without alcohol fun clearly canít be had
6716009573,i will make sure u have fun either way
7255814153,Some relationships are only fun at night.
6880387353,i gotta stop following this account because you keep making fun of all these rides instead of just talking about how fucking sick they are.
