1957083641,fuckin'm transtelecom
1957089935,Working   But it's Fridaaaayyyyy
1957110088,Packing  I don't like it..
1957289252,I tried to dye my hair and all i got was a blond chunk in the front middle part of my hair. Dang.
1957291305,makes bein half brown good risk mgmt when travelin 3rd world. i blend. i feel sorry for my hostage magnet white pepo
1957320931,@LouGagliardi  damned hordies
1957448941,@bcollinstattoo yes
1957477724,My stomach is all EXPLODE from the wendys  why is everything that tastes good bad for you?
1957587490,@rmilana Hey
1957589597,Did a historical Jesus ever exist? Im finding it hard to prove
1957597348,lost all my files since high school.
1957724418,i hav a chance to win $10
1957728707,i never knew a dentention was so hard 2 get
1957758701,@drakesizzle  If you don't want to come then don't come. JEEEEEZ.
1958065414,@_supernatural_ more Demon Sam!! I need it to numb the pain  xXx
1958075486,@LeahMul awh
1958110071,stuck in stupid Jeuno with flag up.  Wish I was in Windy fishing
1960129867,@mikeavila ack! I just read about your show  that's horrible!!! No accounting for taste.
1960137406,@Greenwichlad Oh let me clarify
1960339755,Confuzzled
1960422487,The toaster oven was my fault. Now I'm going to look like an idiot in front of my father.
1960545040,@eboogiee smh Your whin with that comment
1960598982,@_hayles are u serious???? you touched his arse? ohmygod u bitch!!! lol aaaaawwwwwww y did u tell me that!!!
1960809800,@mashable Link to ff &quot;how it works&quot; is broke!
1961189720,aaaaaaaaaaa McFly
1961276271,Shout out to my moms for wakin me up so prematurely! Preciate it
1961282376,Stupid red hair is too difficult on the upkeep. Re-dyed it a more manageable brown-red. Boo
1961482073,has a VERY arduous task to accomplish at work...stuff that should have already been done &amp; as usual it hasn't. Not because of me either.
1961501807,@wmdev Every time I succeed with a code
1961567959,@jamie_oliver  I was off by one year. I really wanted some of Jamies cooking books in ENGLISH!!!! not German.
1961569799,@aranarose Murphy's Law?  Sorry that your computer is not cooperating when you have lots of work. My kids are .. http://tinyurl.com/km235x
1961864046,@BigCatJared   What did I do to you!  sheesh
1961887160,studying for this bullshit econ test
1961969140,Internet is painfully slow today
1962000203,@cindaxo the straightener's another 110 pounds though. Seems pricey
1962106409,MOtherfuck QW
1962171118,No gas PLUS no money = Desperation!!!   and that's the word of the day!  http://twitpic.com/66zls
1962188721,Very bad things.......I need to stop thinking!
1962197648,@anz_rocks19  i have to break the twitterparty... im off home soon
1962213285,@msaysrawr *points at the gear question I just posted* I cant get the rest of my Dreadweave set
1962220378,The &quot;Catch Me If You Can&quot; DVD that I rented from Blockbuster.com yesterday was cracked. Figured it out about 35 minutes into the movie.
1962257822,It's so annoying when I want to go see The Sats
1962326416,i hella wanted a sausage mcmuffin but when i gt there breakfast was over
1962781067,#twitterfails fucking hard right now...this is annoying
1962959665,im writing an exam on a SATURDAY  that should be illegal  where's my weekend?
1962994871,@egheitasean Which denomination? I'm at the library and everything's blocked.
1962996830,bout to go to work with a wicked sunburn on the chest.
1963126649,Wow
1963321469,@kristanmarie at least you dont have quad parking haha two cars drove by real fast and spashed mud all over me
1963562862,Grabbing a snack and a drink at chili's
1963608177,@playspymaster I want an invite - sick of seeing all these links for people playing and being left out
1963609364,#thingsmummysaid my mummy told me she never wnted to be my mummy ever again  so i live wid my dad i think ?? it all confusing
1963814520,@tommcfly Why do you not respond me?
1963859530,Big Laptop is too big
1963994985,People at work are stressing me out.
1964034674,@FafsaHelp i don't know what lender it was? yea these people definitely sucked butt toes. NOT friendly or helpful.
1964085747,Wish my headache/almost migraine would go away!
1964145604,Gah
1964155762,My throat is on fire
1964329118,sam and sean are teasing me saying they are gonna get wings without me
1964365667,never does  anything good school and rabbit it my life cycle dunno how to tune a giutar so i am stuffed
1964560834,@janae24 lol! y does ur tweet sound like ur voice yelling at me  lol!
1964602268,Gah! I left my glasses at work and reading is giving me a headache.  I can't believe how much I need them these days.  Old age.
1964660672,And you could have it all
1964763838,@porcelain_baby @Christomopher your not talking about your obsession with me right???
1964826940,@JennyTaylor94  yer it is...poor little cock  but she well doesnt deserve the stick off everyone! cowell once again going against producer
1964864746,Had a shower. it's 5:55 PM. Triple 5's! Crap
1965098072,@ACMcWhale I always feel guilty about it
1965390275,seriously why did mum make me eat yeah i have a weird eating habit of not eating all day but really
1965401110,@natss91 kill me as soon as you get here 
1965401596,rught brb on me ipod. if i randomly go off its cos me internet breaks
1965504514,at famous dave's with my mom. so hungry.
1965534896,@maddsie Thanks
1965570494,I am beginning to think sun blcok is a haox.
1965673873,Just found out my parents are putting down my dog tomorrow morning. Upset
1965686021,Apperently ea knows my copy of the sims 3 is not legit and is upset
1965796099,FUCK. slept in
1965814223,my sisters fucking pc
1965988154,@PENLDN just got in
1966093934,too sick for rigging tomorrow.
1957183352,THIS TWITTER SHIT BORES ME
1957208962,Not actually managed to purchase anything from the ovi store yet. Constant server error on check out
1957217758,Tweeting from the tarmac at Cork Airport. Delayed
1957230479,Feeling nauseous and can't sleep.
1957249686,Friday tubes at work are slow..
1957271601,omg i realy can't sleep ughh
1957305026,Gogol Bordello &lt; par.    Prolly not even in the top 10 of GB shows I've seen.   Perhaps some old fashioned Civilization II will help?
1957306189,@Natalija been there  sucks like hell.
1957318577,is really ultra bored
1957413593,Last Chemistry lesson for this school year!  On a brighter note
1957501257,My brother just woke me up to help him with his homework. I'm not happy
1957509927,just woke up day off and need to go in to work that sucks. Also have to go dentist for filling at 12 then st helens for mri scan at 2
1957516892,Finishing the video. Fuck me
1957530907,don't know what to do today.  amazing weather and i'm sitting here
1957588348,@solobasssteve I'm with you there - filing is so much less fun than sorting cos you still have to look at it &amp; hunt down details
1957600441,fo shizzle. . . i'm bored and wanna go do something.  wish i went to pisay today. oh wellz. wonder who were there.
1957718245,Again documentation day
1958073174,why im not sleeping  !!
1958074533,i think that studying has really started taking its toll..
1958115243,im bored.. RC is goin maintenance
1958115823,I need something t do like hello... Im fucking bored now.  um... yeh...
1960133316,is boiling in the office
1960143638,Cleaning the old apartment today. Yay...
1960197782,@memow what did you think of the finale?  I thought it was kind of a cheap way out
1960327485,in math class waiting for lunchhhhhhhh. seniors are done in fifteen minutes
1960538385,trying to finish my ass-ignment.please god help me to finish it
1960538791,@MeanMillies boo
1960572404,nomatter how much i sleep am still tired
1960605248,bored...disgusting weather..bored..sooo bored for my last weekend here
1960630480,i dislike math
1960672880,Ok super bored... guess no one else it
1960908419,I am sooooooo bored in textiles !
1960911358,Moving in the rain is not fun. Last day in the Hamptons
1961080721,this weekends abouttttto SUCK
1961088700,at work getting a quick bite to eat before having to kill my wrist self addressing 500 envolopes
1961096876,Youtube isn't working...and I wanted to watch Britains Got Talent.  I'm debating about having a pity party.
1961105110,@h269 revising as uni exams are looming
1961224347,Its seriously quiet and lonely here without Bunny
1961409814,@KatherineLunt Really bored tonight though  Your book I think (Y) xxxxx
1961455628,Just got home from the bank
1961477134,The gigantic initial inertial to get oneself to work after a deadline
1961616554,Spent too much today!!! Tube journeys always take soo long. Braces on thursdayyy
1961702304,I want to go to my home!!! D: I don't like stay in the work all alone
1961742569,Can't believe how gorgeous the weather has been today &amp; I've had to spend it at work!
1961869670,BORED.  would love someone to talk to.
1961887813,is bored. my BFF doesn't want to hang out
1961892829,i'm so tired  of being sick ALL the time!!!!
1961893452,Have I mentioned this bus was sloooow? on it for about one hour now
1961966158,Not really feeling like my man cherishes me  wtf ! http://myloc.me/1ZLt
1962003704,ok its been one hour im still waiting im losing my patience
1962137981,@shaveblog Problem is
1962222720,I totally want some white chocolate macadamia cookies from Mrs. Fields but the mall is soooo far away. Bleh  i think I'll make my own
1962253845,@BlueEyedGirl18 One hour and fifteen minutes.  A dreadful wait.
1962319938,Just woke up and feels so damn lazy  time to work out damnit!
1962376018,@BOPandTigerBeat i love those boys. i missed the chat yesterday  it was the firts &amp; only one i'll miss though! &lt;333 Nick Jonas &lt;3333
1962388047,@Julius_Beez - I'm 20% hetero-challenged
1962404255,Wow
1962408126,grumble..weather man.. don't know wtf they are talkin about.
1962461192,bored. tired got headache
1962522731,On a 10min brake. At wrrkk ... its 11:06 and its over at. 11:16
1962565407,jus sittin in da libray and this stupid computer wont let me order any mac foundation
1962615369,bored out of my mind
1962652280,@vmlemon i dont like #kde since ver. 4.0 its like vista  #fail
1962743903,@starstruckfeie  i have no one to watch it with! ma peeps  are actually focused on their finals already!
1962829311,I feel like I have to throw up.
1962842936,fml. forgot alli's dance recital is tonight. now i'm stuck talking to munchkins all night instead of being at devon's bonfire. :/
1962925670,@spidermonkeyloo Were you going to come? The venue said that they couldn't afford to open so cancelled it. I wish we were there now!
1963103334,@lmacken I'm stuck in a try-to-merge-two-tools CSS hell
1963103695,@lilaznangel16 im looking forward to just getting past this chapter!so annoyin when i have so much that i wanna do and i cant get to it
1963113507,Eastenders is always so grim
1963156635,At every gas station
1963173934,sitting next to bed. cannot lay down because iPhone charging cable is too short.
1963175762,it's realy boo0o0o0o00oring ..my book is on the side &amp; i'm not studyin for sure...
1963177080,@knayam need some more enthu movie guys for that. Right now it's just you
1963189021,i don't know what to do... time is going by so fast.
1963353128,sitting at the chevy dealership in utah waiting for the van to be fixed
1963368299,Im bored   -musiic[BOX]
1963375194,@SapphireElia If its sunny go to the beach! Im stuck at home doing essays when its 20 degrees
1963386907,I have to give up my beloved Red Sox tickets!! Argh! Meeting was just scheduled in CA...
1963393063,at home and sick  
1963426965,Ditto that
1956967341,@tiffanylue i know  i was listenin to bad habit earlier and i started freakin at his part =[
1956978276,@creyes middle school and elem. High schools will remain open for those who need credits to graduate. Cali is broken
1956979917,@djmicdamn hey yu lil fucker i textd yu
1957000336,@softtouchme just answered you- never learned how to write in French- just basic stuff-
1957007357,Have a headache  I'm going to bed. Goodnight!
1957012535,@DymeDiva23 Nite. Now I'm up n bored as opposed to almost sleep frm b 4
1957018678,@TheTombert i was watching Harpers Island
1957019766,@tarng Trudy's off Burnet...the one up north that no one goes to
1957027841,@msz_rockstar umm how bout em?..aint get 2 see da game  but i see dey survived anotha game of da series due to notin but Lebron im guessin
1957042579,I need to be sleeping.. But i'm not even tired..
1957042734,0
1957062783,@exortabreedoll what happen to the maids of yours? Quit once again? ...
1957064578,went to the beach and it started raining
1957089708,wut do i do now????
1957120794,Needs a new phone
1957131233,Is ANYBODY up? .... I'm sooo bored!
1957144266,intentando intentarlo ONCE AGAIN!
1957148550,says morning everyone
1957160649,Should have gone to bed ages ago
1957173458,I came with a q: &quot;any recommended hairdresser? U r full and they suggested me to others  &quot; His ego talked and I'm in d line
1957174342,@allyycase I'm trying to sleep!!! It's not working
1957205757,@Tinkabellastar no. my school will start on June1.  two days to go. i still don't want. :l
1957207123,those workmen extending R block can't start this early surely.. its 7:45am and already they're making a racket and woken me up!
1957207486,@Steinmoney      You'll be missed!!  Bring me back  a keychain!
1957215074,my knee is killing me  im off to bed!!
1957218864,wants to go home.
1957228512,Unstable broadband and electricity taking toll on my mental stability.
1957241061,@wettingfeld  guess I have to get dressed and be pretty then
1957241204,@makavellirayne nah the lights killed the mood now you got to get out my bed
1957242104,@meeksdigital haven't worked there for a long time but kinda miss it! I miss anna  seen her? i'll prob be in SLO most of the summer! you?
1957280676,Can't sleep
1957307462,@wolfofmibu   I need a wardrobe intervention
1957336806,@kimoraklein my sleep pattern is screwed i need to try and stay up 2 midnight so i can get some decent sleep coz i havent slept
1957366702,Good night twitter friends - I'm nodding off at the 'puter
1957369382,I want it to be Wednesday already so I can hurry up and go to New Zealand so I'm busy and not sitting here bored and stressing
1957379042,so had a freakin lond thursday  ready to hit the hay and surprise surprise I can't freakin sleep :/ Boo!
1957387521,@106jackfm I'm not that's why I'm sulking  not free all day
1957392449,@Lacrimae Pfft
1957395823,Today = marking *135
1957410954,is tired of being tired
1957414727,@LittleLee yup! way to fucking early and I'm already at work
1957426941,@katiemoffat I was never a good stereotypical teen
1957430884,I spent my free time over the last few days converting my server to 64bit
1957449038,http://twitpic.com/665w2 - see miles away
1957469278,sore throat. Planning the TET outing to Marwell though...good times
1957487865,sleep? what's sleep again? I've seem to have forgottten the meaning. too much on my mind. or it's just my usual insonmia.
1957502220,dog just farted  so bad.....
1957503252,@Alegrya Yeah
1957507085,@davidnikel i don't even know what sporting social enterprise means....
1957516147,Just watched Mall Cop. Wasn't that funny
1957518703,The sun is shining and I'm stuck in work
1957520555,@MAGUSWEAVER don't follow me. You will ruin my twitter experience
1957557232,I had 2 buy a new washer
1957560891,Curse you breakfast gods....full bowl of cereal + not enough milk =
1957569117,what the hell am i doing awake this early
1957592237,@femiknitzi Three-quarters through I believe. Will not finish tonight.  I blame errands and a certain loud at a bookstore.
1957611147,@catticho diego? i know lo ame a jack
1957617744,@ApDiggles He's my mother's favorite. It was so hard telling her.
1957649194,I fall asleep and didnt get to see the jonas brothers web cast  ... Still tierd
1957662098,@steve_caruso So I took the polish off of the nail of the finger the door handle murdered earlier
1957675193,Awake at 4am..  can't sleep
1957678173,My cucumber has gone limp
1957729413,is leading dull life this Friday... Babysitting!
1957730729,so bored...
1957731256,You fooled me!
1957744150,Woe
1957746645,@chrisontv88 I had a joke for you
1957760171,sittin here bored az hell...nuffin 2 do at lyk 3:30 in da morning in monroe
1958034887,@DonnieWahlberg lol i wos gona send mine in bt i was too late  xx
1958045336,headed to the hospital. i can't take the pain anymore
1958053035,@timwhitlock err you can turn on optimized js+css &amp; caching once we deploy the thing
1958059684,Ugh 2 days whatever to somewhere
1958066861,@DonnieWahlberg and now I have to shut computer down and get ready to go home from work....what a bummer.
1958082084,friends romans and country men lol ppl need 2 help me out and say i have twitter i dont have any friends   loner loner la da da
1958108778,@RedBaff no wine here - I don;t drink  - but I have have plenty of forbidden cholocate
1958122540,@Jayce_Kay Morning! Hows your day. Hope you're not another lying in the sun
1958127848,@blue_cupcakes that busy wowsa .. okay my pizzas gonna be a while  sorry..
1960192806,is so bored...
1960207676,is working. Boo
1960216827,Fighting with Nagios configuration.  Great tool but the config is a bit of a labour
1960220256,indeed
1957093096,one week till exam block
1957097730,@calvinharris stop talkin about food haha fill like sum nw  hha hows your day goin or starting
1957104830,Q: what studio created 'Open Season'? should google it or look at the dvd downstairs but feeling lazy
1957136998,Counting the minutes when my dad's g-friend is leaving
1957137171,@leopardqueen @seekinspiration Have fun! I miss you guys a lot!
1957145546,I am going to die tomorrow night.  @emilazy should be here.
1957153131,@drewseeley hey i loved ACS but i had to see it online
1957179157,boring. i wanna go for taekwando
1957179475,Watching Leno for the second to last time on the Tonight Show
1957207781,Only one more day of Jay Leno  que sad!
1957209385,Good morning my sexy twitter how's yall doing??? I'm gd but it's like 7:49am n I still wanna sleep
1957265858,i want candy!!!
1957273826,Dying to get my hands on the Diagnosis Murder DVD boxset but those pesky kids at Amazon still won't deliver to Zimbabwe
1957285346,Just discovered a shortcoming of Gravity. When you use Twitpic (integrated) it doesn't subtract the pic URL from the 140 character limit
1957343450,Google Wave looks cool. I should be working for these guys
1957388131,worked out tonight
1957413675,@ScottRhodie I wanna be drinking at the pub
1957415150,Up early this morning
1957432228,Getting ready for work and the sun is shining
1957440197,@gnoserif FANTASTIC IDEA.. you the man! but I'll end up all lonely when the tourist goes home
1957474232,@JustcallmeMac your making me jealous now  I want one! How long have u guys been married?
1957489961,can't tell you how thrilled I am to have just had a nosebleed.  first time in ages.  overjoyed doesn't cover it.  urgh
1957490410,@katieclair88 You guys didn't call or come over  Did we do something?! Def. give us a call tomorrow and hang out with us chick!!
1957506331,Well I'm going to try and sleep now I have to be at work at 9 tomorrow  and then the weekend starts!!!!  http://myloc.me/1XTs
1957513178,got my cable set up! WIN!  got my lock put on my door! WIN! feeling a tad neglected... FAIL.
1957519801,Wow
1957520723,I Need to get my friggin cameras cleand ASAP !!
1957533699,At work   leave for Berlin at 17:00 by car
1957613292,@ubuntugeeks good morning to you!  No wait
1957623473,ahhhhh
1957640813,@Melissa808 nah im pooped from moving 2day im just laying down relaxing  lol
1957646733,I'm missing crab legs and attending my going away instead!
1957664223,UP was awesome! Everyone should go see it.  But the stupid theatre didn't show the Pixar short film.
1957685970,I WANT LASAGNA TOOOOOOO.
1957708223,company is offering 2nd round of VSS RIF!
1957724705,Looking for photo inspiration. But everything I want to do required more space than I have
1957728058,@sotongs Sigh
1957734941,waiting for PRINCES PROTECTION PROGRAM online in English version  so long
1957738636,http://bit.ly/Wl9yL  i want to go here
1957741318,Anyone up this te of night? The tweets have slowed down  let me know ur out there and I'll follow u
1958036297,im going to work
1958065074,i miss justin timberlake's voice. i want him to make new album again
1958083092,@herojaejoong Feel hungry now   Cook for me pleaseYour food it's my energy to work~
1958086773,well us Brits have to wait a few more days for it!  I thought it was all gonna released at once! I guess it's worth the wait!
1958100476,@nzclothnappy we can all but hope... georgia is still wide awake and has the hiccups
1958128181,@edziardo : Hi
1960146895,@FuschiaFoot sold
1960159686,Duuuude
1960164604,enjoying and exploring my n96 phone.. grr.. it's awesome.. but i wanted the samsung omnia..
1960168536,@garrulous_gal of course! *cough* I mean
1960194630,had to take my baby to the vet again today
1960259597,Dubai!!! Still trying to settle down
1960260812,I really want a camera!
1960263190,Going to the Chiro to see what is wrong with my bum ankle.
1960267054,@Hilareeee But...but...I'm not!
1960385436,Need to buy a bluetooth device for machine
1960385744,The JBs love to keep secrets!  'Oooooh!'
1960431364,@MelzieC I saw the show listing and saw it was on a Wednesday!!!!
1960467838,@capitaln Um...no  We will most likely be inside a lot
1960470707,I have myself barely 4 hrs of sleep and the Lord blessed me with what feels like 8
1960533254,i feel like taking a day off but cannot afford it  looking forward to the dfb cup final tmrw night though. go werder!!!
1960565313,@KatMeyer Hey
1960623373,I WANT A GARDEN  sitting inside when it's sunny sucks.
1960626140,fcuk! ayoko na!! I said that in tagalog cuz idk what to do anymore!
1960670056,@umphreysmcgee Great Podcast!  I wish you guys had more Chi shows this summer.  The only times I will see you will be at Alpine
1960816923,@yvetterdz84 nah
1960873353,@Katiekins08 I want to SOOOOOOO BAD!!!
1961004775,@orangelight because the one I was having at that moment woke me up.
1961044850,at work  then back to my baby's house
1961056742,Visit 2  La Ventana de los Cielos foundation was pushed bck 2 weeks
1961064362,@epiphanygirl Wish I was in Dallas.. Can I still say ow!? lol Hey... u spelled my name wrong  It's all good. Thanks for #FF love
1961138624,It's Friday!!!!....and the sun is out....but I'm working inside.
1961147777,Just got up. Need to leave for class in a hour.
1961219902,@JanaiChristian While im stuck INSIDE in Elk Grove Village working all day   Someone should enjoy it!
1961243059,Just been out to try to catch a swarm
1961246115,@DisneyLuis Aww what happened?
1961287443,@jodiekearns I'm there all weekend
1961362797,@shadowfish But I'd have to drive  Or get a taxi. Do you have a pool table/jukebox?
1961369134,@HDEnvy Thanks!  Unfortunately the EU had probs with his satellite provider
1961417329,Back in lancaster bored already
1961541468,I have a headache...
1957744492,I want to play parachute games.
1957754460,What a beautiful day! Going to edit Lisa Maxwell interview from her last day at The Bill now. Shame I can't see my laptop screen outside
1957757593,@ashetler I've totally been MIA
1958036042,@DJIronik hmm....well it aint that hot in hull lol   xx
1958037565,Just found out my kitty isn't pregnant  its a good thing though
1958051442,Working at home  Wifi not reaching the garden
1958054940,Goin 2 eat some SMACKS 4 breakfast then getting started on my day- catch ya on the flipside- I really wish I cud go mobile-dang Bahrain
1958057287,@Moyo88 oh no! I woke up accidentally.  how can we get you to fall asleep? Should I scare you with P2 or P3 stories? JK!
1958073482,@jodieharsh Ahhh so Jealous!  Have a nice time and I'll see you when you get back x
1958074577,I'm not looking forward to working over the next 8 days! Come next Sunday
1958083743,@sweetkisses277 Yup
1958093437,Ive finished 4th year!!! Argh Uni is going soooooo quick
1958103630,home sweet home? i think no! huaaaa
1958109277,TWEEEEEET! good morning twitterland! going to work at 1 so need to keep packing and cleaning this flat! move out in t minus one day
1958117297,yay cheerleading when im sick. its gonna be a fun  night peoples
1960158324,@jennyreyn Fail.    If you fancy a pit stop and a cuppa you know where I am!  lol
1960161966,Ulcer the Musical! It's ulcer-rific! uls-tacular?! Stomach bleeding fun for the whole family!! (apparently even two drinks is a no no)
1960198264,@DJstweet I know... It was just a joke... all in good fun...  some people get my humor &amp; some don't...
1960204273,http://twitpic.com/66ltb - Finito~! Hunk Ah Hunk of Burning Love! I do believe my camera phone is stuffed. Stupid blurryness
1960207689,@NotARichGirl everyone else get all the good stuff!!
1960257337,@shtoofi well just remember that tmrw is another day and hopefully won't be as craptastic. sorry girrrrl
1960260363,ready for a very busy
1960299035,Travel trade stalwart
1960305139,job hunting. yay.....
1960327891,@Janiro dammm..i thought i was on to something  lollllll
1960331302,@simonschuster Celebrity sighting: Spongebobs here! #BEA09   LOL! Now I'm even more distraught I missed it
1960340146,@idlemichael I will watch that at some point. Have it on hd but Stace also wants to see it in hd so waiting
1960387680,@vickybonnett lmao! a good push up bra always makes the abs look smaller. in order to have Robbikin-esque abs.. 6 days a week working out
1960419284,@Craziscorpio ready for the weekend! I hope the sun comes out later today tho.  Where u from?
1960431729,@DJASAP who is @lil214....lili homie...LILI.... and i am black  75% to be exact lol
1960459566,Good Morning. It's Friday and the start of my work week  But... Lakers are going to take the 4th W tonight. Woohoo GO LAKERS!!!!
1960464921,just spent all day putting up a trampoline but is now too tired to use it...  it is very cool though!!
1960469576,@mhisham hahaha tempting! but nvm la. i'm quite a klutz.  i actually fare better with my hp cam LOL
1960471845,did U watch the spelling bee contest ? winner: Kavya Shivshankar ! Impressive performance - i had not even heared most of the words b4
1960489578,Its already hot outside...  thank goodness my car has amazing a.c!!! cyalater!!! off to work!!!
1960493118,trying to win tickets! com'on dc101...
1960518960,hearing the birds chirp makes me think its nice outside...well its not  rain rain go away!!!
1960528762,@jessicamloring Haha! I can't a good vid of it on tubey
1960535809,@jesssicababesss  how unreall  http://twitpic.com/66nvm
1960554443,@tommcfly Tom! @buonotomato and I were wondering if you'd do a tour in Asia
1960554951,@inrsoul argh. Interested. Time maybe can't go. Maybe.
1960603006,Demoing with Gary burr!!! So excited to get some &quot;girls&quot; music on tape!! Missing Tayla
1960607071,@ExtremeWithin Yes
1960618810,I want to go to Universal too!
1960660348,@briancash Yum...wish we could be there today. I have a cold and don't want to infect others...so we will miss our Friday session.
1960671885,And figuring out how to watch Middlesbrough games next year
1960674625,@JamesDReid i got coupons to Popeye's chicken but I'll probably end up getting a burrito at freshii - this salad joint. healthy
1960754735,@teaanyone why not?  its the most retarded thing someone could do at their 16th
1960757422,@HelloHolland noooo
1960758721,@yoitsbooty ) NICE. I want it. I'll get the pirated. ) I MISS YOU
1960759920,@ColinOLN i'm trying to make myself like it but i haven't been successful so far. haha
1960763784,@tommcfly Will we see you guys in the Philippines?  That would be the coolest thing ever! Always wanted to go to one of your concerts!
1960815803,Mucking about on Guitar Rig 3. The demo
1960871822,@CMiget That's always fun to clean up
1960953837,@chickgonebad I have no text plan on my phone.    I'll send the #
1960995024,really wanted to go to that gig tonight
1961000292,Fall out boy are in my year book. but only @petewentz
1961057044,Picking up a couple toys tonight! D300 and 50mm f/1.4! YAY!! :-D Just for the weekend though
1961057877,@HeshieSegal haha I was JUST talking about that to my colleague. I have 539 DMs
1961083396,I'm super hungry! Waiting for my biotch to feed me.
1961092641,@MisterDiggler we told you guys!   we are just going for a while to get our passes then we are going to see UP downtown disney! Yay!
1961103545,Listening to Music Box.  When Mariah could still sing
1961111760,has two tickets to Amadou and Miriam for Tue. June 2 that I can't use  $25 each to anyone who wants 'em. That's face value. Should be good
1961132632,@iphonegirl totally! except we can't ride on the sidewalk like when we were kids.  a lot more safe than on the road with crazy drivers.
1961132963,i hope i can find a store to take us
1961152309,@manderbeth aw
1961174539,I've got sunburnt knees... it's funny now
1961177715,@BADnurse09 that's great! i was never so good at the jump roping...
1961186575,@HiHillaryyy have fun
1961188926,missing @ikewii lol. plaid bud. haha. damn i can't do the BG right.
1961247714,WORS bike race at camp this weekend=a total of 1500 people. Going anywhere Sunday is not an option as they race right past the house  #fb
1961252528,says ...tomorrow is another day...  http://plurk.com/p/x1pxh
1961286550,@ashleytisdale have fun!!!!  i dont have school for a while
1961288665,Morning...I woke up to watch @taylorswift13 on the Today show. You rocked it girl. Wish I could have been there. So close but so far away
1961374502,@2dimples2 I dunno man. How bout some wendy's?? mmmmmm we dont gots that in H-town
1961414473,@Tashster Have a cold one for me
1961415771,#FollowFriday In honor of my web buddies who moved.  @warpdesign @cianan @BigToach @mikedelgado
1961420052,@successorstate yeah it was face2face  nite we went to palisades to see star trek. i can't remember it. i said it while we were in the car
1961425654,@sexxieluv I wanna go to a SexxieLuv party though
1961428280,@Ana_Surprise its soooo funny! thanks or today. btw
1961449612,@nattymsmith awww she's laavly ;) I had to come in  but I've got a stunning wee tan (l) ;) yourself?
1957508406,Going back to Manila this evening. All my trips to Cebu are so bitin.
1957511342,@drewpeacock85 cool dude! yeah i was hoping your rate was still $2.75. lol! yeah not sure when ill mar and par for my birthday dinner.
1957516437,Morning twitties! Heading to college
1957523762,I have been playing skate for two hours. Now i need to get out and actually skate. But it's too late
1957524669,@mitch_400iso Me too
1957533813,@DaRealSunisaKim There's ding tai Fung here in Sydney aswell...  making me want dumplings...
1957553456,This is one of my all-time favorite episodes/quotes from The OfficeUS only   )  http://bit.ly/ARMJ
1957557944,I chilled in my room with my baby book missed my bro leavin  he really is cool had a stripper shirt on said I suppoort single moms! Funny
1957562388,Sleep....take two....this better work!
1957574844,@ACALLPRO -- yeahhh u wasnt thereeeeeeeeeee
1957584973,@DeadMemoriesX Poor you   If I was with you right now; I would probably give you a hug ;D
1957586924,Wow what a sunny day
1957591739,is wondering where all her friends went...
1957595567,@mangointhesky idk. The original is so great.
1957595785,Finishing Homework.  BOOO
1957596516,Football session after this.fun
1957599143,job centre bound. oh yay.
1957599931,@hilsatlvsonline Thanks for the tip! Unfortunately a major crash in my https site
1957601055,@moneymakn1 Thats actually not that fun as you would think... I was hurting for a week after a similar experience.
1957609123,@shaundiviney 04182012154 send me one PLEASE!! I TXTD IN BUT I GOT A NEW PHONE
1957612314,@MarkStanto why thx! #webdu I was only at the conf on Thurs
1957612372,Aww I heard I just missed you two @logieo &amp; @egg104 !
1957612378,writing report cards  soooo tired but what an amazing day. check it out on fb soon!
1957617858,laughed so much today over that picture of lauren
1957633015,Lobbying in twitter! Here too!!  Yuk! Gettin rid of groupies ;)
1957636980,@lisaxjbx3 Goodnight is not on the trending topics.  lol
1957641646,Nevermind! Beyonce doesn't have a Twitter  Haha
1957645950,@caldjr yeh me 2
1957647768,Just got Skyfire (http://get.skyfire.com/).  Firts impressions
1957664536,I hereby proclaim it to officially be summer as it is AWESOME today! But I'm stuck inside a chilly office
1957666935,had the lovliest night last night but was ruined by doctors inability to warn me of side effects. back again for more tests.
1957672003,Bumping Air Supply's Greastest Hits
1957673482,Will be flying to Ontario in 4 hours!Will probably stay awake.I will be there for a 8 days...Camping 4 the first time YAY!I am sleepy now
1957673692,is going back home  love ya Zagrebe &lt;3
1957676144,staring at the sunshine through my office window!
1957684033,Mooorning! It's Friday
1957692927,sadly awake. wondering about contact info for all of the fun folks I hung out with at the shop. YAY 23b!!! Miss you guys
1957693067,@realchrissystar we'll be back sunday to play @ the horse
1957702153,@AlexaRPD Nice action shot: http://bit.ly/m8zfx  I miss working a pole.   __ dont you see clients everyday?  lol
1957706273,Good Morning Every1!!! Its gorgeous out again n im stuck in work  Wish i was at home chillin out.. Hopefully tha day goes quick  doh !!
1957709225,watched the Bones finale last night in the UK &amp; it rocked!! oh how much I missed Zack!!!  @EricMillegan is so freakin' awesome &lt;3
1957709337,Someone bring me milk for my cookies!
1957713846,on later than normal this morning
1957722183,Looks like a beautiful day...and I am off work til Sunday
1957732004,@primaveron I need them  It would've made my picture so much cooler. Mine are bottle green. Eeyea-thooo!
1957744379,@andyroddick At work at the mo and it's so sunny here today   Off to see a band tonight!!
1957745855,Such a nice day...and we're all working
1957755023,good morning! off to the gym I go
1957764405,AH! so nice to be back on bike commute although three days off and my (what google sez are called) my quadriceps literally screaming. gah
1958033524,@iAmiAdam Hes away longer then me. Im only away for a few hours
1958063663,@iPat143  hmm.. idk that song.
1958071362,Morning world
1958076371,The Renegades last day was today and...well... he's gone... didn't catch him  Gutted... Closest he came to Greenock was Kilmacolm!
1958085888,Well that was an interesting attempt at the commute to work... didn't exactly plan to end up where I did though...great
1958088999,@Jessums31 yup its working. they couldn't recover anything on it though
1958092412,@trixie360 zombie wrangler sounds like fun. I don't have halo wars.
1958092481,Good morning from RSA Twitterverse!! Please send me some happy vibes &amp; cheerfulness today I'm feeling a little sad
1958092752,early morning~2:30 am~what's up? I am!~~!!played w/ my babies outside~wow~was in the 80's~felt great!~~got lonely
1958094911,@babyexpat commercial shoot in Tokyo. not much time to play there   quick and dirty
1958096155,I soo wanna eat McDonalds Fries
1958104165,I am totally knackered and back in the meeting
1958108546,I am hungry already. Not impressed! And everybody has gone to Rubys
1958119966,yay dad agreed to pay for my tuition and equipment! yipee not till nxt jan tho
1958120577,got back from the embassy; missing one paper  go again on Monday!!!good luck me!!!
1958122002,@mitchelmusso Heyyyyy us English fans want some signings too
1958123217,Finally gonna try and fall asleep goodnight.. More like morn... I sleeP
1958127181,@tonibrockliss fyi
1960123126,Now that I have a salary
1960139893,Finally
1960149051,@mselliott09 hahaha thanks for clearing up the
1960149869,@TheMandyMoore good morning sunshine. sleepytown is sleepy.
1960149950,getting ready for the day
1960152349,so happy its friday...not so happy about this rain
1960152622,@i_dulay i swear it took me 2 hours to get from bel air to alabang.  but yes
1960164777,Very lonely here in Gosforth gallery  but excited for meal at Six followed by Antony and the Johnsons tonight. Woohoo!!
1960166730,On my way to the burial
1960168502,@pixls hahahahhahaha it was true! and i could really stretch out and stuff! shame rem's dog got mad when i tried to put him in avi's face
1960191045,Yay !!!! It's firday.... Have a good one everyone. On my way to work
1960199422,@iamchrisc I'm soo jealous right now!!
1960205748,Just woke up! Annnnd have just realised I missed un uber sunny day...score
1960210481,@Cholle2001 lucky...you get to do capoeira
1956996081,@IamYeTe Waraku is tasteless and expensive! Portion is so little!!!!!  re: waraku
1956996673,@britblackbird  youstinkatrespondingtotexts!
1957004749,don't you hate it when you finish all your work and there's still 1.25 hours left of work time
1957009666,@melluffsyew Umm yeah. That's probably a pretty good note to self because eeeeeewwwwwwww.
1957013166,@SparkDawgMusic im doing that shit right now ... im on vacation and you got me workin
1957013723,would wish the severe migrains would stop!!! doc's prescriptions arent working
1957013895,@tiffalo cuz airlines are super lame.
1957014493,I'm so very tired...and have insomnia.
1957014706,I hate Bakersfield and I hate the Ports
1957021486,I hate the new mt dew commercial..the one with a giant mosquito..it scares me and grosses me out all at the same time.
1957023263,i HATE when i see pregnant women smokinggg!!!! its sooo irresponsible n selfish! its saaad. ultimately
1957023739,Lies...lies...lies....you just cant avoid to lie about practically...EVERYTHING!
1957030622,@lanacaitlin  hahaha well its try its so ugly
1957033874,I hate when my bf beats da dogs. But I guess that the only way to teach these pitts.
1957034289,think i may have broke a toe at the bar tonight......thanks drunk girl for steppin all over me!!!!!
1957035950,my roommate @tess_tickle loves to ignore me
1957038470,@jcwentz Maths and Science were the strongest for me i think..dunno bout geography
1957041812,@meganmansyn Hahahaha! It's not horrible
1957044935,aarrgghh - fu*k.....a hose has leaked water all over the new floating floor
1957048703,@ksutt11 ohhhh thunderstorms...boo  why do they always have to make the power go out??
1957050633,RATT ROCKED NASHVILLE TONITE..ONE THING SUCKED
1957055530,I have to work in the morning while my friends get to party it up.....stupid bberry lite flashing red and I have no messages!
1957061884,@all_is_one84 Those suck so bad.
1957063783,At Charle's with the power out. LOL! Damn SaveMart lost power and we could not buy beer.
1957073753,hates the net. ayaw bumukas ng twitter.  http://plurk.com/p/wxlxs
1957076577,on jacksonville beach walking in the cold Ass water   but have to work in the morning   ily &lt;('-')&gt;
1957082538,@abguerraartist  I am not a pussy! damnit!  [sending you an e-mail right now btw]
1957085151,@juliaiiivir Hey! That's my school! I hate that place.
1957094812,plan may changes 
1957094989,my sister is a douchebag
1957105472,time for tv in bed.Then spending all day catching up on studying  i hate online summer classes
1957106609,Dang it! I REALLY look like crap!! Sigh only had 35mins to shower and 10mins to get ready
1957114604,back at Vienna (  )
1957127251,@guitar21g @jackie_hussein i have to wake up earlier than i thought.. my dad wants me to take him food at 9AM! no0o0o0o!
1957142715,Taking back the HORRIBLE shoes my mum made me get.. urgggh. They are some nasty footwear! Problem is
1957145531,night 5 not talking to my victor  i'm so bored at night now. grrrr i hate this shit
1957145817,gonna get off to try and catch some Z's
1957147658,Sooo.....I'm kinda o sick n tired of the bs that guys dish out  !!!!!!!!
1957154821,i just murdered two fucking mouses!!! now i cant sleep
1957156484,sososo bummed
1957156949,Working late at night on a Dell notebook
1957160843,@calvinharris make the most of pork products while you can
1957170232,WTF facebook just cleared out my whole survey and i was on the last q
1957172292,Its weird being at the guy's house without them here. I don't like it
1957177654,@mrskutcher  Where I live
1957188633,Doing a mass cleanout of my room before rearranging it. Just sent mother out to buy me a bin and a bookshelf since mine sucks. Bad mood
1957188806,feeling really sick  watching the fifth element
1957192957,Bummed that F! F! F! broke up
1957198359,@StonedSteve yes it was good 2 see them laught at each other
1957206401,@GoblinZA Can't access your site!
1957211597,Its so Fucking hot! Damn no air conditioning.
1957212085,@hillaryhatt I never liked that boy  Jerms!
1957218610,this sucks i'm tweetless...and i f'n hate money
1957218793,dam it keeps rainin on me
1957231014,@MissMadalena err i think they're like 15 bucks a ticket cause its 3D too. too expensive
1957231506,Omg grr my parents left probably 15 minutes ago to belgium and typical i wake up a stupid o'clock
1957233929,Just watched The Goode Family premiere online... And I think this may be the last episode I watch. It's pretty amazingly mediocre  pass.
1957237503,and this stupid wireless wont work downstairs
1957237598,Change my hairstyle
1957241208,Have to go to work  typical sunshine and deep sleep; stupid friday.
1957248127,@anant24121986 it is so unfair that all the good rock shows happen only in B'lore and Pune
1957250995,almost everyone can suck my clit right about now. ive had it up to here with people fucking me over !
1957252405,says BAD TRIP! (angry)  http://plurk.com/p/wxshi
1957263744,omg!!! mcdonalds combo and wendys sundae = puke material
1957263978,I really need to sort out a bird table and some feeders - the robins and blue tits are being bullied
1957265612,But why do I have to spend it in the office
1957268633,@MissMaryJ M Jizzle I need u to Hit me too
1957269543,@iamivanxxx That sucks to hear. I hate days like that
1957276419,This train is so squeaky its givin me a sore head its bad enough i have to go to work!
1957278010,@Kikirowr Downside though is that you're breaking the thread.
1957286023,The Taxi Q at Pelangi was super loooong.. and now I'm getting headaches because of the hot-cold transition
1957287286,@WoWInsider I would be playing my old rogue but a friend took the account and could not get it back
1957293548,rah rah. youtube isn't working again. oh great
1957294470,@BrookeAmanda that sucks  what bout kate
1957305935,lol my other tank/dps friend is having the same problem in a different guild.  wtf is wrong with this server?
1957311527,my hsbc savings apy dropped to 1.55%. sort of feeling like pulling out all my money and keeping it underneath my mattress.
1957317721,damn another day at the office
1957321080,Another Day gone by....  Have to wake up early again tomorrow
1957328258,i'm so sick   bad throat and the WORST toothache.  good thing i work in a pharmacy.  load me up with drugs!!
1957331877,@avrilchan never invite
1957344732,Gday... Do you know if NHibernate has issues with COM Interop (VB6 &lt;-&gt; .Net Wrapper &lt;-&gt; .Net+NHibernate dll)? I'm getting crazy
1957230570,just got Up and going to get ready to go to meadowhall ;) can't believe my internet broke yesterday  GUTTED
1957232185,I am watching Blood + on veoh episode 19 love the music.wishing i could watch the live action but not old enough
1957238059,@Snuva Mmmmmm I love curry. Don't have an Oregan though.
1957242975,wth is happening with my neck. this is definitely not stiff neck :|
1957243017,Looking at old pictures... I love it &amp; miss the good ol days
1957247325,Just finished The Minish Cap. It's a great game! I'll miss Ezlo and Link.
1957259101,@cheri two macaroons go into a bar....one says oh your a nut.  wow I need to get out more.
1957264031,@TheKJA finished listening to Last Days of Krypton's audio book! Loved it...so sad though...
1957272236,wishing i had marvelous misadventures of flap jack on DVD
1957272611,@MitchBenn Waah! You were in Aberdeen? F**K why do I miss all the best gigs?!
1957284576,oooooh!  this guy is so amazing
1957297096,@LMA_xo My daddy lives in Manchester
1957299195,There is something wrong with me! I'm so tired I can barely keep my eyes open. Yet all I've done for the last 3hrs is toss &amp; turn in bed
1957301684,I really wanted to watch Mary Poppins and sing along.
1957307429,@kellanator I don't mind Sam. But I liked Kate more.  I don't like Chris. He's smarmy.
1957308753,aw. nick got his heart broken.  poor baby. i love you!
1957323292,@thomasfiss i think you should come tomarrow....because i was really really really looking foreword to seeing you.......please come?
1957339420,Jus Got Hom Fr. TDa Funeral... I'm So Sad! I Cried So Much Times! Much Love Grandpa!&lt;3 I Never Got To Say My Last &quot;Goodbye&quot; to Him.
1957346788,kewl the JB chat was awesome. I had to miss lots of it though cause i had 2 go 2 skewl
1957356105,@marjorielu MISS YOU
1957387122,@mimiwinfrey i wish i could find my camera cause i really wanna record some too...
1957391560,I love music so much that i've gone through pain to play :S my sides of my fingers now are peeling and have blisters from playing so much
1957393560,All this talk of buttershots has me wanting some!  Maybe I'll have a small bit over ice
1957394130,@westonbuck i want a zune but i looove my pod  hahah
1957396566,standing here open hands and i know i can't do this alone hold on
1957409145,@LishaKatherine i hope your doing great! I
1957429148,im gonna go to bed alone again.  Sad day for me. but itll get better.
1957439470,@soscandalous love you ::hugs:but i'm not seeing anything...wondering if i'm doing something wrong)
1957445404,@thoughtmecca still on track to move back
1957445896,Ok so I did shed a few tears watching the preview for next weeks Medium. I'm so scared. I'm so addicted to this show. I love it
1957454380,i really want to marry leighton meester. damn
1957460018,@Jessicaveronica MARRRRRRRRRRY ME! &lt;3 have fun partying tonight
1957461006,@Roberto958  awwww  thanks for follwin me thou. lol
1957463311,using my brothers G1 phone.. love it! driving to vegas... my phone died this morning and my charger broke
1957465483,slept all day.. lol. now time to start on my UN article.. what fun (: ...
1957467645,@SexyKellyC hey chocolate chips is good.  i want a snack too but i'm out of snacks.
1957482294,im finally going home but didnt get to finish all my work  so ill be back tomorrow
1957483776,@sweetavalanche haha yeah i know  yeah
1957503296,I loved johnny carson now I'm going to hate seeing jay leno go  (via @womanschitchat) that's what I was waiting for someone to say!
1957503381,@diane4president visit si fr joemar dito bataan (frm camiguin) &amp; sum of my ofcmates&amp; i are supposed to meet him this saturday  can't luwas
1957504984,@BK_II It's foggy here
1957508686,@albamayo...I just posted my First video... A contest entry and my still is terrible too  boo...luv ur videos btw. Xxxrebelrebelxxx
1957521722,Friends! Come over and give me a massage  I can't sleep.
1957523236,@ddlovato july 21st!?? that means at your concert I won't know all the songs.  oh well
1957528883,@sevinnyne6126 Lindsay we are your spanish fansite and we love you www.ultimatelohan.org please reply us  I wish you a good flight &lt;3
1957530722,@sevinnyne6126 Lindsay we are your spanish fansite and we love you www.ultimatelohan.org please reply us  I wish you good luck
1957534934,I miss you sweetie!
1957535434,@AntBoogieWorld Wish you were coming to Australia &amp; New Zealand with the Sticky Tour Ant
1957537716,what a bummer that tomorrow is friday again!
1957538752,@IljaCoolen Thanks! Just used a therm to pry it out. Was like concrete! Blood and everything!  He's doing a lot better now. Thank god.
1957543295,Just finished The Village. So in love
1957544941,http://twitpic.com/666gy - My glass is empty. Will someone be a dear and fetch me another?
1957549337,All of you can have fun tweeting all day while im cleaning hair  LOL
1957552960,Summer is really ending. It's raining.
1957563297,Oh Cr*p.... Here goes my head again
1957594789,@melissaohh omg  when do they finish??
1957597414,is not ready for school yet!!!  http://plurk.com/p/wy69d
1957598181,@KarenAnn_P i'm so sorry about that  i was really excited about it too! but i might continue posting externally
1957604270,@Dichenlachman oh I love oreos!! U can't get many varieties in the uk
1957605334,@jassily but ... but it's michael bay ...*sigh* i'm sorry
1957614712,@BrianLimond but lorraine kelly is a sexy mama!
1957624138,@HaylieK can't do class tomorrow audition at 10am  but free from 11 to 3 if u wanna work out!
1957629160,No http://twtvite.com/3koyqo #twtvite #aptw Have to miss this now because of other engagements
1957634550,They changed the way Golden Gaytimes are made. They used to be awesome.
1957638771,Oh ffs :@ a don't get paid till monday :@:@:@ :$. Sorry william
1957646478,@mizplunderbunny *hugs* why?
1957649481,@sarahkate1 sleepover's the shit! I love those guy
1957660486,SAD day! love you Maï¿½ (8 years ago!) miss you so much!!!!
1957668210,@MrsSOsbourne Hi Sharon Missed you on our x factor last year!!  Come Back!! x
1957687772,aww @iCONtips you are too kind!! Hi sweetie! Are you guys out partying without me   I'm the only person who came to work 2nite lol
1957697529,I thought when u go #2 your tummy is supposed to feel better not worse
1957698707,@benmatewe being updated to have multiple 'skins' for different GT members. Nightmare. 82k of CSS to hack!  No time to redo; woe is me.
1957704889,lovely day again... hope it continues all weekend
1957710304,@RikkAlaniz I'm glad he didn't get too hurt
1957717420,The Blowout ended
1957722577,@Nasnous Thanks bro but I'm awake already  How are you?
1957725236,@Kellyke28 You poor thing  Hang in there. -xxx- luf joe
1957733765,Archie Proposes Veronica in the Latest Archie's Comic. The Longest known Love Triangle is coming to an End. Poor Betty.
1957747226,I was glorious at 6.50 when I went outside
1957756204,I think I love a part of me saying some cynical words. Even though I smile when I say them. Do you think it's bad?
1957758561,@SexySkins Miss you!!
1957750148,woke up.
1957752939,IBood DOWN
1957753472,So tired
1957754611,Things aren't just as easy and simple as they seem to be.
1957756631,@sdrb  You've got to love fly tippers: http://tinyurl.com/mt4opc  Worst I've seen is a dead mule dumped on Holmbury Hill.
1957756889,@Nicers I'm pretty sure my bum shape will still be imprinted there
1957759446,@Helena210 No one to rub it in
1957759622,@Mezandy me! @DOcreative
1957759723,@blue_cupcakes  sometimes plugging it into 240 can fix problems..
1957760429,Working now
1957760580,Moodle Intro training this morning... ages since i've done that... and only 2 bookings
1957761057,but @pennyessex Humira isn't right for everyone. Some respond better to Enbrel. Ask your Rheumy. But not much long-term testing done
1957761849,@benno37 I have been subtly replacing it with &quot;penetration testing&quot; when I see it
1957762118,says headache  http://plurk.com/p/wydaf
1957762473,On a day like today I would wear shorts and tshirt
1957763550,@hasin my bad
1957763616,@vxpresxv aww... me too
1958034055,wanting to nap
1958034853,@myinkyfingersAU I can't take it
1958035297,Cashflow forecasts are fun but big red numbers aren't
1958037646,On my way home in the sunshine with a bag full of my stuff from work...
1958039256,i wish i can go to two different schools at the same time.
1958040832,http://twitpic.com/6698b - Clean
1958041790,@trishastewart - ooh. Don't like horseradish  Any alternatives?
1958041993,@Odbod Yeah it's the Ford Focus Titanium
1958044798,@JackAllTimeLow wish you we're coming to Perth
1958045010,@Damevegas am alive   but at work   finish at 1300   sun is out
1958045954,should be going nfg tonight
1958046204,It's cause you give me a reason to assume.  - http://tweet.sg
1958048092,up and about to do my hair...ugh
1958048408,@mayhemstyle Well I live in Ohio  but here's our California parks: http://tinyurl.com/nmr7pc
1958049146,Seems like i'm the only person over here doing postal voting for the upcoming election ... been there already twice to get the documents
1958049543,signed up for broadband today could take 4-6 weeks
1958050481,?ï¿½ nh?n ???c bonus r?i. Ch?c ch? ?? bï¿½ vï¿½o kho?n unpaid leave
1958051034,Bacon Fail.  Ended up with a commiseration muffin
1958055016,@deabarnes why??
1958055789,@atlumschema thank you! need to pass my test first
1958058066,@Kaneth yeah
1958058379,@pickassoreborn thanks
1958058801,Good morning/afternoon/night to all.....studying as usual!
1958058875,@sazzzle my forehead is starting to peel  not impressed
1958061096,@chunghow3 prolly E71... I can't think of anything else and I'm unfortunately not a Singtel customer
1958062208,Tired of hearing stories about everybody going to Ibiza...
1958066406,needs 1000 words for 502 part 2 .... then freedom ..... until another few assignments and exams
1958066662,@fladdermus_a  ??????
1958066799,Totally just skid all over the road.
1958067960,@TheSims3 well us Brits have to wait a few more days for it!  I thought it was all gonna realized at once! I guess it's worth the wait!
1958069408,waiting for landlord to come see about our shower
1958069746,@BeckyKingston I don't think I've ever tried peanut butter on toast
1958074248,@deepwarren you're not gonna paint me? oh well  ;)
1958075002,@ArvindRocks - No work
1958075577,@LittlestarRed SIGH  How are you?
1958076301,#liesboystell buzy this week
1958076611,Getting really guilty
1958076737,@quwanaisnotmynm davey is
1958080600,@ireallydohate nooooo dont do that.  I just get a rash of nobodies trying to sell me something.
1958080808,cannot relaxing because she have to practice for her graduation
1958081810,@ubudroi I *know*. It just took us that long to get around to it! Yes they do takeaway *and*seafood delivery. Forgot to get a menu
1958082182,@elwoodicious Crab boat? I have my mobile set to go off every night
1958082388,Half term is almost over
1958083279,@DanielMiller89 They used to. Many moons ago.
1958083661,@taraw07  cuss u siad u weren't having it...lol
1958086605,home not well hate not workin
1958088154,is doing boring accounts stuff
1958090725,Rod stewart's new song
1958092948,never did sleep last night  feeling horrible today
1958094009,@philiplinden @secondlife Blake Sea should have been a water sandbox (a la Cordova)
1958094564,done washing our clothes.. i'm so tired..
1958098319,woke up an hour early just to study for        a test
1958100100,@ilicco I don't have an invite  i might try Mr P Bale for an invite
1958101230,@virginmedia is there something wrong with the internet in chelmsford? my tv on demad isnt working right and my internet is SUPER slow
1958102523,want's to see '2001 Maniacs' Why won't it come through the post!?
1958103103,@demonicangel81 yay but u have no idea what you look like
1958105637,the weather is good mmm what to do today??? shame working tomorrow
1958106109,Wish I was @ wembley
1958106557,Work today
1958108422,how do i get my cat 2stop killin rabbits? another headless (baby) rabbit n garden dis morn  live close 2field wher lots rabbits live
1958109417,@nawty I've been well
1958109577,And this picture of her with Zack from Saved By The Bell  http://twitpic.com/669lg
1958110482,I will get my business coursework done by today. I will. I will.. I won't.
1958110692,@mateoviento don't see the link on my web interface
1957433155,Cape Town was spitting all morning - now that im behind this desk; the sun comes out...perfect timing
1957434460,Ahh feels good to have played guitar hero after months! I suck at it now but  haha
1957452090,Oopsie
1957483655,Happy belated Birthday to Billy!! I forgot to say that on his bday.  I  feel aweful!
1957495950,Can't I just be a stay at home mom already
1957496048,this sux but took like 4 minutes. going to sleep finally  http://img36.imageshack.us/img36/4603/iprevailedsig.png
1957522630,im very sorry.
1957547323,I am soooo  right now!
1957577074,&quot; ...not academically of course. &quot; I miss him already
1957578654,Finally installed ovi in mobile. it would have been good if it could be downloaded to comp and installed to mobile. Frickin 3MB download
1957591836,I feel like flying off somewhere. It's been a month since my last trip...
1957595665,we are looking forward to daddy returning from work on Saturday. He's been gone a whole month
1957621246,At least my wish came true
1957640805,Tucking myself in tonight  Mogwai on repeat
1957641284,Today is my last official day of Uni! No more balancing uni work with music!!!! Til october atleast
1957673495,is gutted to be at work when it is sooo nice outside
1957695327,@streetkingpin Well my battery just needed a jump...and now I gotta pay extra to get my nail fixed
1957705954,Back at work
1957715515,@joehhzeh in august with anberlin. they're not headlining though  and yes there is a perth show
1957727757,@rms70 ooh how is Milan? i could do with a holiday! Bfoyf is off to Geneva today visiting fam so ive got a weekend on my own
1957740028,@lavsmohan In my case
1957742855,Working on a newsletter but I'd say I've got a writer's block atm  - take a deep breath and get on with it
1957746079,@ShelbyRayne no im doing it in the morning
1957752630,@jradc Awww....gnight.  haha
1957753190,@adrenalynntoao Hope you feel better! If your alone we can talk until your ready to go to bed...I'm alone too
1957762576,just got up
1958041874,Feeling a little under the weather today  got a funny tummy - however
1958058583,Just finished work nd now waiting in the freezing cold drinking a mango magic
1958072829,@hartluck Oooh but your not coming to Perth  that sucks but you still Rock!
1958090786,Roommate is sssnoring :/ And my throat is so dry
1958091187,Back from London  Now just catching up on all the tv and sleeping all day!
1958100367,Still soo tired..not ready to get up for the day...work again
1958107130,@BexieLady I feel for you
1958109594,VERY upset....  Mom is in the hospital
1958127569,just in imagination
1960123769,Losing makeup bags is TRAGIC...luckily I keep 4 in diff places but I gotta replace my Bare Escentuals  *tearrrrrrrr*
1960138796,After being down for several hours
1960143456,Just got up a half hour ago.... Ugh not much sleep
1960194070,@ost8doc  Sorry...but
1960195099,gotta go! bye twitterland!  good night! i'll try sleep. so that i will recover easily! still sick!  bye!
1960209610,@tpgraham the AC tix are actually $20 but the show is sold out.  I'd have to get tix through stubhub and pay up to $70.
1960211167,Finally finished that topic. Quick revision break
1960253190,I guess I am too freaky for followers.
1960263541,Omfg.lmao.lassetti was right... those bangs did look bad.  lmao
1960265264,Pas si terrific que ï¿½a ce twitterrific
1960329657,Off for a loooong weekend of inlawing...  ... ...
1960349806,waiting for 5pm to go for a drink with ones out of work because Belinda leaving today  at least the sun is shining for her!
1960382852,We need to remodel the house and the thoughts of doing it make me kind of ill   He has one way and I have anouther
1960453760,TGIF... this &quot;short&quot; week has been wayyyyyy too long
1960455495,is HOT. Just done some late spring cleaning! About to settle down with a book i can barely read
1960455779,Chirstina said shes gunna twitter more ...no more partners
1960468830,@jackiejewel ohh yeahh with the showcase he said his artist will be outta town  so keep me posted as to the next one
1960489545,i got all my hair cut off
1960512862,Inspection went fine ... they like the house woopee. Would just be nice if it had been this morning so I could have done stuffs today
1960534792,spray tan = fail on legs and feet. I've been scrubbing them and feet look better
1960535535,@SamWilson1 - sigh
1960540951,Oh
1960566167,is awake.  Still feeling sick.     But I got the blog done at least. http://plurk.com/p/x17t9
1960583429,Glad to see the sun out in Dublin after a great week in London. Back to work
1960595814,1:13 finished essay! off to sleep
1960602722,Last day for our professional interns
1960633359,had a shit contact with both parents &gt;.&gt;  grrr
1960633846,Moment of truth!! Im nervous for her!
1960672702,Nothings better than having to take a cold shower in the morning
1960702229,Finally it's Friday! Things are going to be so different starting next week...my house will be empty!
1960716018,My last full day in NY  but can't wait to go to Seattle and La la land
1960716423,It's Friday
1960806569,@grizzlycullen it was days yesterday and probably today that I wish I had taken the top off my jeep.  I need help haha. IT'S FRICKEN HOT
1960859287,@xXHAZELXx: Ok its suppose 2b followfriday not unfollow Friday  aw well I have nice tweeters anyway! &lt;-almost doesnt sound right...lol;)
1960867244,@pmayroy cause i wasn't there!
1960909270,On a flight home  after an awesome trip with my cousin! Miss you sophia
1960993632,Had a blood test today.   Wasn't too bad really. Needed to dash 2 Starbucks after to revive my spirits with a nice Iced latte &amp; a bun.Yum!
1961037074,@handlewithcare  Nice start to the holiday!
1961038440,No one talk to me anymore on here
1961049246,Dont worry babe
1961059288,@rachaely57 Yes! Haha and then when he impaled himself with the crossed keys!  Love Scottish-trying-to-be-Irish Ewan McGregor
1961059405,Off to work
1961060116,is thinking WOW I survived Freshman year...Mission Accomplished...Now Sophomore year
1961065494,My son had surgery yesterday so mommy and son time won't be as long today
1961071638,@VAustralia flew Brisbane - Lax today.  Great flight.  Love the lights.  Shame about one drink limit though!
1961086361,Just chillin'.. I'm a bit bored boohoo  !
1956992030,I wish she knew what she puts me through..She stole my heart
1956995196,@neesabear early happy day of birth in case I don't make it! Very tired from therapy today n just taking my medicine!  misshu! Love ya!
1956995762,Allergies suck ducks nuts.   
1956996730,wonders why her Karma points turned into
1956996776,Is miserable  i feel like im gona cry  sux!
1956998532,I'm going to bed... I just don't feel right anymore...
1956998704,Now I am depressed after watching so you think you can dance
1957000040,Just cross 'cause I'm stuck twiddling my thumbs now
1957002082,Last day working for the Uni today
1957005226,is still missing her husband.    I really want him home.
1957005279,I miss my puppy
1957005713,@nzdeany I've given up on pizza - kids would never let me have my fav  (the hot ones)
1957006033,@BarbSchaefer yearling in pet home died... very sad for their whole family
1957006245,@heresmyhello92 We hate change
1957006547,well fuck- this new pain med has an odd warning that actually applies to me. i can't take this. -chan is displeased.
1957006674,just uploaded my new blog... a painful story about an 80s year old man who cried because he wanted to die... very sad
1957007633,I just saw pics from this past Thanksgiving and am sad because Grandma was in them.
1957008075,Took a shift tomorrow.    I don't really feel like working right now.
1957008193,but now i have no money for a phone
1957008498,Too bad the Red Devils.. disappointing to say the least
1957008802,@xdjio Have a 3ware 9650SE
1957011291,@AlexanderGWhite daaammmnnnnn I do wish I was there.
1957012476,@yuki_hime I played up until the latter parts of the voodoo village part co-op until I lost my usual partner
1957012769,is a bad friend
1957013885,@moggy99 No internet last night; ER was brill
1957013896,@lenje - Still a pity it comes with no lamb though
1957014267,@bloomsday16  I'm sorry to hear that. Here is my optimist: Things will get better. For all of us.
1957016697,Had to cancel wow for now
1957017164,@fairyfroggie But yeah...I'm sad about my &quot;Ravenclaw&quot; account. I love that account to bits.
1957018061,Up late with nothin 2 do.....
1957019556,sometimes i wish things could go back to the way they were the beginning of last summer
1957020180,@kateisbored I feel the same way
1957021305,Cute Malay girl came to seemy room for rent - sadly think it was for her guyfreind   bit misleading and disappointing LOL
1957025428,Everytime I send an email to my coach
1957026475,It's pissing me off and not letting me follow ericka
1957027495,Is going to sleep not peaceful  wanted to hear him say Good Night but that didn't happen  Good Night everyone....
1957027630,my mums trying to make me feel ebtter about stopping voting adn not winning shortstack. i almost cried.
1957028895,I haven't seen Muffin in two whole days!
1957029111,@YumiFujii i'll miss y'all back... give @LesleyBoudy my regards...
1957030545,Just found mj mouse flats at DJs. Of course there are none left in my size
1957032228,@xoshayzers i knoww  things won't be the samee &lt;/3
1957033776,Going to sleep. Gonna fall asleep playing apps again. Tmrw is going to suck
1957034202,I can't believe the Metal Gear Solid song was stolen    I'm so disappointed  http://bit.ly/YKkSu
1957034566,@MacZombieRawr  I wish I had Left 4 Dead. But first I'd need something to play it on...
1957038324,my teeth and head hurts
1957038398,I HATE rob zombie movies. &amp; the smell of weed. Vommmm.
1957039456,no more arrested development. i am sad.
1957039894,omg i keep losing followers this is so sad  i want 90 one day....thats my goal ;D
1957039922,I feel so deflated. No more doggy.
1957040172,I just had to empty my trash on the mac. that was one of THE MOST DIFFICULT things I have ever done in my life. 8
1957040395,im contacting PAWS Philippines so i can find &quot;tiger&quot; a new owner. im so sad. i love my dog soo much
1957040988,just got home! not wanting to read the last chaper of breaking dawn cause i dont want it to be over
1957041745,Fuuudge. Movie store is closed
1957041767,ALO is so sad and quiet and empty tonight
1957042316,@Mona26 Aw where are you headed to? i just cancelled my trip to Aussie
1957043226,Sad that Christian Lacroix had to file bankruptcy
1957043241,I dont feel good AT ALL. fuckkk
1957045395,Have to go to the dreaded DMV tomorrow
1957047571,Taylor Swift and Joe Jonas looked really good together. I'm kinda sad they broke up.
1957048027,God I just want to sleep.
1957049167,Found my book. Starting a real paper-bound journal tonight. Have an annoying zit above my lip. Makes me look like I have herpes
1957050747,@RealBlackWidow But but I dun wanna
1957050890,@imjustlalayone damn girl I'm so down but ya gotta let me know so I can get my kit together &amp; I got a flyer  Any next weekend? I&quot;M DOWN!
1957051517,@JustinOdom dbl booooooo for being sick
1957052932,feels sick to my stomach and idkk whyy
1957053566,@hello_jodie Um
1957056027,@judyrey  The link doesn't work
1957059348,my stupid tooooth hurts
1957059917,@turnitgrey my computers broken and I broke my laptop so I had to use the phone  ahh still on he cause they fucked up my order.
1957062827,I'm awake. Anybody else awake? Wish I lived in the US since all the fun happens when I'm asleep!
1957063845,@Penguin_J heehee. i love you! i am tired.
1957064575,Morning everyone sorry for going early last night had bad news
1957064908,how I wish my parents put me into a Chinese school when I was younger. Then
1957067988,@joiskol  being in your room makes me sad.
1957068880,@CocktailChic oh f*ck! I completely forgot about Thirsty Thursday! oh. my. gaga. this sucks
1957069453,if one people did any wrong
1957070534,@meljachin: eww. dislike
1957071331,@SuzyDunkley sorry bout the cat
1957072896,missed iron chef
1957073073,@thevowel the DS version sucks
1957073201,what a bad day
1694493898,We have a tour of students this morning: huge pick-up for Mothers day:speaking for a luncheon:100 planters to do: nothing boring here
1694494032,@DHughesy no your not  they are very cute
1694494879,My palms are itchy. Doesn't that mean something about coming into a great deal of money?
1694494880,Extremely happy to see my new track &quot;The Awakening&quot; featured on Indivibe   http://www.indivibe.com/vibe.php?city=1
1694494887,Jammin To Capital In My Garden  xx
1694510616,I've been losing myself into too many Taiwanese dramas.... ????
1694511518,IE8 nearing 6% according to my stats. FF 3.0.10 adoption rate amazes me
1694511837,@michelleer well to me it's summer when the cricket season starts actually  and yeah
1694512287,net .. net .. net ..  hmm. bad weather .. weird summer!
1694530311,@oriSTUDFARM very impressed
1694530714,Great new directory on Babysitterdirectory coming soon!  And its a directory with a twist.  All will be revealed next week!
1694531535,@kadambariyer wow
1694531681,One year with Emily. WOW!  (L)
1694532546,omg himym! one of the best shows on earth
1694533103,When you think about it
1694550547,@jonasbrothers http://twitpic.com/3bnas - Can't wait to actually hear what he's playing  love you Nick x
1694551684,@brettdennen 'discovered' you at the fray last night
1694551823,@laurenceobrien Thank you  xo
1694569619,@alandavies1 diggin' your moustachio! Looking good daddio!
1694585974,JD and Turk make me laugh  #scrubs
1694586195,will play quake3 in 3min
1694586852,@macaronigirl Im soooo intrigued! I want to try this weekend. Kaya lang baka maaddict ako.
1694586973,@torriRAWR OMG apparantley green day are touring here in december..we are so going
1694587827,Have just bought a TV tuner for my laptop.  He he.  I deserve a present
1694588387,Still in the News Room..however; with audio to turn around!  Just grabbed a tea. Looking forward to after 1 when I get out in this rain
1694589177,@phil_nash Ba-dum-tish!  You win
1694605648,About to take a shower. Then see how annas doing
1694606773,@ankitbathija Thanks mate
1694607102,@kontorrecords yes i do
1694607265,@blue_north27 http://twitpic.com/4jcjr - Mmm yummy... looks like an invitation to me
1694607404,I'm on Twitter now... how cool am I? and now let's go to McDo
1694608202,@DJ_Joelted i will definately be there tomorrow
1694608325,@ladybug8320 that is definitely a blast from the past
1694625119,@kate38381849 haha
1694625141,@paulcockerton that is truly impressive. Can't come close to that. Takes the argument over whether web needs subs to a new level though
1694627133,@LauriM OH WAIT
1694628161,@AandDfilms OMG rated 10 stars
1694628255,OH MY GOD! OH MY GOD! OH MY GOD! New SUPERNATURAL starts tonight!  New Sam and Dean! Oh My god! can't breathe!  &lt;3 &lt;3
1694628490,@avataraang awww ) where'd you get that? hugh is so thin. no traces of being wolverine yet. btw
1694628496,has just finished watching masterchef. Surprisingly (perhaps)
1694645515,@magh aw. you level up. haha but just try to manage your money.
1694646689,morrrning. time for school. (: time to learn!
1694647382,Excited! Double Bio today.   I don't have a straightener and my hair looks horrendous at the moment. Wtf am I supposed to do?
1694647420,@ChrisCuomo oh my! Nothing like a rabid racoon to get the adrenaline going in the morning. Better than a cup of coffee.
1694647945,just 3 days left for the offf 2009 http://www.offf.ws/ in oeiras portugal... see you there
1694663757,@rscheuer OK looking forward to that
1694665564,@grekwood laze about ! It's. The bank holiday law
1694665676,@ewanspence Yay! I am not the only Eurovision fan on twitter  #eurovision2009
1694665755,@eyyJD Heard that your dad would be going here in September. Would you also come with him?
1694666925,@heyitskesa: Omg! I never got your message so I didn't notice until I was looking back a ways! Sorry
1694667930,@jakeperks - Woo! Great subject for this month. Now I can use my sparklers
1694684837,@dj_sko next time just go online and show the club owner an ean golden video
1694685959,Not to worry
1694686452,@kainaussie aww way to make me feel special
1694686563,Finally changed my pic after wanting to do it for so long. I was getting rather sick of that black and white pic.
1694686735,auntie diane wins quote of the day &quot;and hes the incredible hulk&quot;
1694687021,@BRIAN_____ re:firmware. Heh
1694687033,shall bring his own glass to work from tonight
1694687191,Waiting for the last movie to finish then am test screening Ghost of Girlfriends Past
1694687308,@laubow_ I did ! That was amaziiiing    I was able to see the whole stage and to dance and sing etc ! That was really great
1694687789,@mmmj You're watching Firepro0f?
1694688006,@Sir_Almo shocking isnt it.. hmm... we will stop it..
1694704936,My new design portfolio is finally on the web: http://www.designia.nl - Still needs some tweaking on the details but it's ok for now
1694706166,@rayvenn_nicolee haha..not quite as good a Super Ted!..but good none the less!  haha xx
1694707163,Wolverine Was BOSS! Seriously
1694707859,@cheryltiu yup slowly recovering. it sucks that i can't eat the stuff i'm craving right now. my gums can't take it. how was your trip?
1694708291,Watir in ???????  http://ru.wikipedia.org/wiki/WATIR
1694726203,@nsingman i got followed by one that says she doesn't talk to &quot;god people&quot;-i wonder if she talks to &quot;goddess people?&quot;
1694726341,@eugenechua Tasmania devils and the mad cold... Not a bad start.
1694726848,Star Warz day? Really..that is a hot topic? Man..oh man.. I'm just waiting for Star Trek!
1694744808,@MissxMarisa haha!! someone with an axe just popped up at you Scenie!! what did you do???
1694745535,@bencollieruk No because why would it say &quot;New gift services&quot; on the page.. HA!
1694746702,Just opened a facebook account
1694746717,@aussie_ali  really?  i'm in greensborough
1694746809,happy star wars day
1694747015,finally shifted from Twhirl to TweetDeck so I can filter through my close friends' updates  happy monday peeps
1694747321,@xojennielynn or @lauren_ohh i think one of you should give a ride! please?
1694748146,@Booooooom I love how Alex Pardee colours his picturs
1694767818,@Devinwade heyyyyyyyyyyy! Look who it is
1694768280,@johnlacey had someone tell me tonight &quot;there are only 2 states to be in
1694768446,@typicalhigh Yay me!  But
1694493898,We have a tour of students this morning: huge pick-up for Mothers day:speaking for a luncheon:100 planters to do: nothing boring here
1694494032,@DHughesy no your not  they are very cute
1694494879,My palms are itchy. Doesn't that mean something about coming into a great deal of money?
1694494880,Extremely happy to see my new track &quot;The Awakening&quot; featured on Indivibe   http://www.indivibe.com/vibe.php?city=1
1694494887,Jammin To Capital In My Garden  xx
1694510616,I've been losing myself into too many Taiwanese dramas.... ????
1694511518,IE8 nearing 6% according to my stats. FF 3.0.10 adoption rate amazes me
1694511837,@michelleer well to me it's summer when the cricket season starts actually  and yeah
1694512287,net .. net .. net ..  hmm. bad weather .. weird summer!
1694530311,@oriSTUDFARM very impressed
1694530714,Great new directory on Babysitterdirectory coming soon!  And its a directory with a twist.  All will be revealed next week!
1694531535,@kadambariyer wow
1694531681,One year with Emily. WOW!  (L)
1694532546,omg himym! one of the best shows on earth
1694533103,When you think about it
1694550547,@jonasbrothers http://twitpic.com/3bnas - Can't wait to actually hear what he's playing  love you Nick x
1694551684,@brettdennen 'discovered' you at the fray last night
1694551823,@laurenceobrien Thank you  xo
1694569619,@alandavies1 diggin' your moustachio! Looking good daddio!
1694585974,JD and Turk make me laugh  #scrubs
1694586195,will play quake3 in 3min
1694586852,@macaronigirl Im soooo intrigued! I want to try this weekend. Kaya lang baka maaddict ako.
1694586973,@torriRAWR OMG apparantley green day are touring here in december..we are so going
1694587827,Have just bought a TV tuner for my laptop.  He he.  I deserve a present
1694588387,Still in the News Room..however; with audio to turn around!  Just grabbed a tea. Looking forward to after 1 when I get out in this rain
1694589177,@phil_nash Ba-dum-tish!  You win
1694605648,About to take a shower. Then see how annas doing
1694606773,@ankitbathija Thanks mate
1694607102,@kontorrecords yes i do
1694607265,@blue_north27 http://twitpic.com/4jcjr - Mmm yummy... looks like an invitation to me
1694607404,I'm on Twitter now... how cool am I? and now let's go to McDo
1694608202,@DJ_Joelted i will definately be there tomorrow
1694608325,@ladybug8320 that is definitely a blast from the past
1694625119,@kate38381849 haha
1694625141,@paulcockerton that is truly impressive. Can't come close to that. Takes the argument over whether web needs subs to a new level though
1694627133,@LauriM OH WAIT
1694628161,@AandDfilms OMG rated 10 stars
1694628255,OH MY GOD! OH MY GOD! OH MY GOD! New SUPERNATURAL starts tonight!  New Sam and Dean! Oh My god! can't breathe!  &lt;3 &lt;3
1694628490,@avataraang awww ) where'd you get that? hugh is so thin. no traces of being wolverine yet. btw
1694628496,has just finished watching masterchef. Surprisingly (perhaps)
1694645515,@magh aw. you level up. haha but just try to manage your money.
1694646689,morrrning. time for school. (: time to learn!
1694647382,Excited! Double Bio today.   I don't have a straightener and my hair looks horrendous at the moment. Wtf am I supposed to do?
1694647420,@ChrisCuomo oh my! Nothing like a rabid racoon to get the adrenaline going in the morning. Better than a cup of coffee.
1694647945,just 3 days left for the offf 2009 http://www.offf.ws/ in oeiras portugal... see you there
1694663757,@rscheuer OK looking forward to that
1694665564,@grekwood laze about ! It's. The bank holiday law
1694665676,@ewanspence Yay! I am not the only Eurovision fan on twitter  #eurovision2009
1694665755,@eyyJD Heard that your dad would be going here in September. Would you also come with him?
1694666925,@heyitskesa: Omg! I never got your message so I didn't notice until I was looking back a ways! Sorry
1694667930,@jakeperks - Woo! Great subject for this month. Now I can use my sparklers
1694684837,@dj_sko next time just go online and show the club owner an ean golden video
1694685959,Not to worry
1694686452,@kainaussie aww way to make me feel special
1694686563,Finally changed my pic after wanting to do it for so long. I was getting rather sick of that black and white pic.
1694686735,auntie diane wins quote of the day &quot;and hes the incredible hulk&quot;
1694687021,@BRIAN_____ re:firmware. Heh
1694687033,shall bring his own glass to work from tonight
1694687191,Waiting for the last movie to finish then am test screening Ghost of Girlfriends Past
1694687308,@laubow_ I did ! That was amaziiiing    I was able to see the whole stage and to dance and sing etc ! That was really great
1694687789,@mmmj You're watching Firepro0f?
1694688006,@Sir_Almo shocking isnt it.. hmm... we will stop it..
1694704936,My new design portfolio is finally on the web: http://www.designia.nl - Still needs some tweaking on the details but it's ok for now
1694706166,@rayvenn_nicolee haha..not quite as good a Super Ted!..but good none the less!  haha xx
1694707163,Wolverine Was BOSS! Seriously
1694707859,@cheryltiu yup slowly recovering. it sucks that i can't eat the stuff i'm craving right now. my gums can't take it. how was your trip?
1694708291,Watir in ???????  http://ru.wikipedia.org/wiki/WATIR
1694726203,@nsingman i got followed by one that says she doesn't talk to &quot;god people&quot;-i wonder if she talks to &quot;goddess people?&quot;
1694726341,@eugenechua Tasmania devils and the mad cold... Not a bad start.
1694726848,Star Warz day? Really..that is a hot topic? Man..oh man.. I'm just waiting for Star Trek!
1694744808,@MissxMarisa haha!! someone with an axe just popped up at you Scenie!! what did you do???
1694745535,@bencollieruk No because why would it say &quot;New gift services&quot; on the page.. HA!
1694746702,Just opened a facebook account
1694746717,@aussie_ali  really?  i'm in greensborough
1694746809,happy star wars day
1694747015,finally shifted from Twhirl to TweetDeck so I can filter through my close friends' updates  happy monday peeps
1694747321,@xojennielynn or @lauren_ohh i think one of you should give a ride! please?
1694748146,@Booooooom I love how Alex Pardee colours his picturs
1694767818,@Devinwade heyyyyyyyyyyy! Look who it is
1694768280,@johnlacey had someone tell me tonight &quot;there are only 2 states to be in
1694768446,@typicalhigh Yay me!  But
